sample	ASV0001	ASV0002	ASV0003	ASV0004	ASV0005	ASV0006	ASV0007	ASV0008	ASV0009	ASV0010	ASV0011	ASV0012	ASV0013	ASV0014	ASV0015	ASV0016	ASV0017	ASV0018	ASV0019	ASV0020	ASV0021	ASV0022	ASV0023	ASV0024	ASV0025	ASV0026	ASV0027	ASV0028	ASV0029	ASV0030	ASV0031	ASV0032	ASV0033	ASV0034	ASV0035	ASV0036	ASV0037	ASV0038	ASV0039	ASV0040	ASV0041	ASV0042	ASV0043	ASV0044	ASV0045	ASV0046	ASV0047	ASV0048	ASV0049	ASV0050	ASV0051	ASV0052	ASV0053	ASV0054	ASV0055	ASV0056	ASV0057	ASV0058	ASV0059	ASV0060	ASV0061	ASV0062	ASV0063	ASV0064	ASV0065	ASV0066	ASV0067	ASV0068	ASV0069	ASV0070	ASV0071	ASV0072	ASV0073	ASV0074	ASV0075	ASV0076	ASV0077	ASV0078	ASV0079	ASV0080	ASV0081	ASV0082	ASV0083	ASV0084	ASV0085	ASV0086	ASV0087	ASV0088	ASV0089	ASV0090	ASV0091	ASV0092	ASV0093	ASV0094	ASV0095	ASV0096	ASV0097	ASV0098	ASV0099	ASV0100	ASV0101	ASV0102	ASV0103	ASV0104	ASV0105	ASV0106	ASV0107	ASV0108	ASV0109	ASV0110	ASV0111	ASV0112	ASV0113	ASV0114	ASV0115	ASV0116	ASV0117	ASV0118	ASV0119	ASV0120	ASV0121	ASV0122	ASV0123	ASV0124	ASV0125	ASV0126	ASV0127	ASV0128	ASV0129	ASV0130	ASV0131	ASV0132	ASV0133	ASV0134	ASV0135	ASV0136	ASV0137	ASV0138	ASV0139	ASV0140	ASV0141	ASV0142	ASV0143	ASV0144	ASV0145	ASV0146	ASV0147	ASV0148	ASV0149	ASV0150	ASV0151	ASV0152	ASV0153	ASV0154	ASV0155	ASV0156	ASV0157	ASV0158	ASV0159	ASV0160	ASV0161	ASV0162	ASV0163	ASV0164	ASV0165	ASV0166	ASV0167	ASV0168	ASV0169	ASV0170	ASV0171	ASV0172	ASV0173	ASV0174	ASV0175	ASV0176	ASV0177	ASV0178	ASV0179	ASV0180	ASV0181	ASV0182	ASV0183	ASV0184	ASV0185	ASV0186	ASV0187	ASV0188	ASV0189	ASV0190	ASV0191	ASV0192	ASV0193	ASV0194	ASV0195	ASV0196	ASV0197	ASV0198	ASV0199	ASV0200	ASV0201	ASV0202	ASV0203	ASV0204	ASV0205	ASV0206	ASV0207	ASV0208	ASV0209	ASV0210	ASV0211	ASV0212	ASV0213	ASV0214	ASV0215	ASV0216	ASV0217	ASV0218	ASV0219	ASV0220	ASV0221	ASV0222	ASV0223	ASV0224	ASV0225	ASV0226	ASV0227	ASV0228	ASV0229	ASV0230	ASV0231	ASV0232	ASV0233	ASV0234	ASV0235	ASV0236	ASV0237	ASV0238	ASV0239	ASV0240	ASV0241	ASV0242	ASV0243	ASV0244	ASV0245	ASV0246	ASV0247	ASV0248	ASV0249	ASV0250	ASV0251	ASV0252	ASV0253	ASV0254	ASV0255	ASV0256	ASV0257	ASV0258	ASV0259	ASV0260	ASV0261	ASV0262	ASV0263	ASV0264	ASV0265	ASV0266	ASV0267	ASV0268	ASV0269	ASV0270	ASV0271	ASV0272	ASV0273	ASV0274	ASV0275	ASV0276	ASV0277	ASV0278	ASV0279	ASV0280	ASV0281	ASV0282	ASV0283	ASV0284	ASV0285	ASV0286	ASV0287	ASV0288	ASV0289	ASV0290	ASV0291	ASV0292	ASV0293	ASV0294	ASV0295	ASV0296	ASV0297	ASV0298	ASV0299	ASV0300	ASV0301	ASV0302	ASV0303	ASV0304	ASV0305	ASV0306	ASV0307	ASV0308	ASV0309	ASV0310	ASV0311	ASV0312	ASV0313	ASV0314	ASV0315	ASV0316	ASV0317	ASV0318	ASV0319	ASV0320	ASV0321	ASV0322	ASV0323	ASV0325	ASV0326	ASV0327	ASV0328	ASV0329	ASV0330	ASV0331	ASV0332	ASV0333	ASV0334	ASV0335	ASV0336	ASV0337	ASV0338	ASV0339	ASV0340	ASV0341	ASV0342	ASV0343	ASV0344	ASV0345	ASV0346	ASV0347	ASV0348	ASV0349	ASV0350	ASV0351	ASV0352	ASV0353	ASV0354	ASV0355	ASV0356	ASV0357	ASV0358	ASV0359	ASV0360	ASV0361	ASV0362	ASV0363	ASV0364	ASV0365	ASV0366	ASV0367	ASV0368	ASV0369	ASV0370	ASV0371	ASV0372	ASV0373	ASV0374	ASV0375	ASV0376	ASV0377	ASV0378	ASV0379	ASV0380	ASV0381	ASV0382	ASV0383	ASV0384	ASV0385	ASV0386	ASV0387	ASV0388	ASV0389	ASV0390	ASV0391	ASV0392	ASV0393	ASV0394	ASV0395	ASV0396	ASV0397	ASV0398	ASV0399	ASV0400	ASV0401	ASV0402	ASV0403	ASV0404	ASV0405	ASV0406	ASV0407	ASV0408	ASV0409	ASV0410	ASV0411	ASV0412	ASV0413	ASV0414	ASV0415	ASV0416	ASV0417	ASV0418	ASV0419	ASV0420	ASV0421	ASV0422	ASV0423	ASV0424	ASV0425	ASV0426	ASV0427	ASV0428	ASV0429	ASV0430	ASV0431	ASV0432	ASV0433	ASV0434	ASV0435	ASV0436	ASV0437	ASV0438	ASV0439	ASV0440	ASV0441	ASV0442	ASV0443	ASV0444	ASV0445	ASV0446	ASV0447	ASV0448	ASV0449	ASV0450	ASV0451	ASV0452	ASV0453	ASV0454	ASV0455	ASV0456	ASV0457	ASV0458	ASV0459	ASV0460	ASV0461	ASV0462	ASV0463	ASV0464	ASV0465	ASV0466	ASV0467	ASV0468	ASV0469	ASV0470	ASV0471	ASV0472	ASV0473	ASV0474	ASV0475	ASV0476	ASV0477	ASV0478	ASV0479	ASV0480	ASV0481	ASV0482	ASV0483	ASV0484	ASV0485	ASV0486	ASV0488	ASV0489	ASV0490	ASV0491	ASV0492	ASV0493	ASV0494	ASV0495	ASV0496	ASV0497	ASV0498	ASV0499	ASV0500	ASV0501	ASV0502	ASV0503	ASV0504	ASV0505	ASV0506	ASV0507	ASV0508	ASV0509	ASV0510	ASV0511	ASV0512	ASV0513	ASV0514	ASV0515	ASV0516	ASV0517	ASV0518	ASV0519	ASV0520	ASV0521	ASV0522	ASV0523	ASV0524	ASV0525	ASV0526	ASV0527	ASV0528	ASV0529	ASV0530	ASV0531	ASV0532	ASV0533	ASV0534	ASV0535	ASV0536	ASV0537	ASV0538	ASV0539	ASV0540	ASV0541	ASV0542	ASV0543	ASV0544	ASV0545	ASV0546	ASV0547	ASV0548	ASV0549	ASV0550	ASV0551	ASV0552	ASV0553	ASV0554	ASV0555	ASV0556	ASV0557	ASV0558	ASV0559	ASV0560	ASV0561	ASV0562	ASV0563	ASV0564	ASV0565	ASV0566	ASV0567	ASV0568	ASV0569	ASV0570	ASV0571	ASV0572	ASV0573	ASV0574	ASV0575	ASV0576	ASV0577	ASV0578	ASV0579	ASV0580	ASV0581	ASV0582	ASV0583	ASV0584	ASV0585	ASV0586	ASV0587	ASV0588	ASV0589	ASV0590	ASV0591	ASV0592	ASV0593	ASV0594	ASV0595	ASV0596	ASV0597	ASV0598	ASV0599	ASV0600	ASV0601	ASV0602	ASV0603	ASV0604	ASV0605	ASV0606	ASV0607	ASV0608	ASV0609	ASV0611	ASV0612	ASV0613	ASV0614	ASV0615	ASV0616	ASV0617	ASV0618	ASV0619	ASV0620	ASV0621	ASV0622	ASV0623	ASV0624	ASV0625	ASV0626	ASV0627	ASV0628	ASV0629	ASV0630	ASV0631	ASV0632	ASV0633	ASV0634	ASV0635	ASV0636	ASV0637	ASV0638	ASV0639	ASV0640	ASV0641	ASV0642	ASV0643	ASV0644	ASV0645	ASV0646	ASV0647	ASV0648	ASV0649	ASV0650	ASV0651	ASV0652	ASV0653	ASV0654	ASV0655	ASV0656	ASV0657	ASV0658	ASV0659	ASV0660	ASV0661	ASV0662	ASV0663	ASV0664	ASV0665	ASV0666	ASV0667	ASV0668	ASV0669	ASV0670	ASV0671	ASV0672	ASV0673	ASV0674	ASV0675	ASV0676	ASV0677	ASV0678	ASV0679	ASV0680	ASV0681	ASV0682	ASV0683	ASV0684	ASV0685	ASV0686	ASV0687	ASV0688	ASV0689	ASV0690	ASV0691	ASV0692	ASV0693	ASV0694	ASV0695	ASV0696	ASV0697	ASV0698	ASV0699	ASV0700	ASV0701	ASV0702	ASV0703	ASV0704	ASV0705	ASV0706	ASV0707	ASV0708	ASV0709	ASV0710	ASV0711	ASV0712	ASV0713	ASV0714	ASV0715	ASV0716	ASV0717	ASV0718	ASV0719	ASV0720	ASV0721	ASV0722	ASV0723	ASV0724	ASV0725	ASV0726	ASV0727	ASV0729	ASV0730	ASV0731	ASV0732	ASV0733	ASV0734	ASV0735	ASV0736	ASV0737	ASV0738	ASV0739	ASV0740	ASV0741	ASV0742	ASV0743	ASV0744	ASV0745	ASV0746	ASV0747	ASV0748	ASV0749	ASV0750	ASV0751	ASV0752	ASV0753	ASV0754	ASV0755	ASV0756	ASV0757	ASV0758	ASV0759	ASV0760	ASV0761	ASV0762	ASV0763	ASV0764	ASV0765	ASV0766	ASV0767	ASV0768	ASV0769	ASV0770	ASV0771	ASV0772	ASV0773	ASV0774	ASV0775	ASV0776	ASV0777	ASV0778	ASV0779	ASV0780	ASV0781	ASV0782	ASV0783	ASV0784	ASV0785	ASV0786	ASV0787	ASV0788	ASV0789	ASV0790	ASV0791	ASV0792	ASV0793	ASV0794	ASV0795	ASV0796	ASV0797	ASV0798	ASV0799	ASV0800	ASV0801	ASV0802	ASV0803	ASV0804	ASV0805	ASV0806	ASV0807	ASV0808	ASV0809	ASV0810	ASV0811	ASV0812	ASV0813	ASV0814	ASV0815	ASV0816	ASV0817	ASV0818	ASV0819	ASV0821	ASV0822	ASV0823	ASV0824	ASV0825	ASV0826	ASV0827	ASV0828	ASV0829	ASV0830	ASV0831	ASV0832	ASV0833	ASV0834	ASV0835	ASV0836	ASV0837	ASV0838	ASV0839	ASV0840	ASV0841	ASV0842	ASV0843	ASV0844	ASV0845	ASV0846	ASV0847	ASV0848	ASV0849	ASV0850	ASV0851	ASV0852	ASV0853	ASV0854	ASV0855	ASV0856	ASV0857	ASV0858	ASV0859	ASV0860	ASV0861	ASV0862	ASV0863	ASV0864	ASV0865	ASV0866	ASV0867	ASV0868	ASV0869	ASV0870	ASV0871	ASV0872	ASV0873	ASV0874	ASV0875	ASV0876	ASV0877	ASV0878	ASV0879	ASV0880	ASV0881	ASV0882	ASV0883	ASV0884	ASV0885	ASV0886	ASV0887	ASV0888	ASV0889	ASV0890	ASV0891	ASV0892	ASV0893	ASV0894	ASV0895	ASV0896	ASV0897	ASV0898	ASV0899	ASV0900	ASV0901	ASV0902	ASV0903	ASV0904	ASV0905	ASV0906	ASV0907	ASV0908	ASV0909	ASV0910	ASV0911	ASV0912	ASV0913	ASV0914	ASV0915	ASV0916	ASV0917	ASV0918	ASV0919	ASV0920	ASV0921	ASV0922	ASV0923	ASV0924	ASV0925	ASV0926	ASV0927	ASV0928	ASV0929	ASV0930	ASV0931	ASV0932	ASV0933	ASV0934	ASV0935	ASV0936	ASV0937	ASV0938	ASV0939	ASV0940	ASV0941	ASV0942	ASV0943	ASV0944	ASV0945	ASV0946	ASV0947	ASV0948	ASV0949	ASV0950	ASV0951	ASV0952	ASV0953	ASV0954	ASV0955	ASV0956	ASV0957	ASV0958	ASV0959	ASV0960	ASV0961	ASV0962	ASV0963	ASV0964	ASV0965	ASV0966	ASV0967	ASV0968	ASV0969	ASV0970	ASV0972	ASV0973	ASV0974	ASV0975	ASV0976	ASV0977	ASV0978	ASV0979	ASV0980	ASV0981	ASV0982
42328	0	0	0	0	0	0	39625	0	0	0	0	0	0	0	0	0	0	0	19134	0	0	0	0	0	0	0	0	0	0	0	0	0	0	0	0	0	0	0	0	0	0	0	0	0	0	0	0	0	0	0	0	0	0	0	0	0	0	0	0	0	0	0	0	0	0	0	0	0	0	0	0	0	0	0	0	0	0	0	0	0	0	0	0	0	0	0	0	0	0	0	0	0	0	0	0	0	0	0	0	0	0	0	0	0	0	0	0	1653	0	0	0	0	0	0	0	0	0	0	0	0	0	0	0	0	0	0	0	0	0	0	0	0	0	0	0	0	0	0	0	0	0	0	0	0	0	0	0	0	0	0	0	0	0	0	0	0	0	0	0	0	0	0	0	0	0	0	0	0	0	0	0	0	0	0	0	0	0	0	0	0	0	0	0	0	0	0	0	0	0	0	0	0	0	0	0	0	0	0	0	0	0	0	0	0	0	0	0	0	0	0	0	0	0	0	0	0	0	0	0	0	0	0	0	0	0	0	0	0	0	0	0	0	0	0	0	0	0	0	0	0	0	0	0	0	0	0	0	0	0	0	0	0	0	0	0	0	0	0	0	0	0	0	0	0	0	0	0	0	0	0	0	0	0	0	0	0	0	0	0	0	0	0	0	0	0	0	0	0	0	0	0	0	0	0	0	0	0	0	0	0	0	0	0	0	0	0	0	0	0	0	0	0	0	0	0	0	0	0	0	0	0	0	0	0	0	0	0	0	0	0	0	0	0	0	0	0	0	0	0	0	0	0	0	0	0	0	0	0	0	0	0	0	0	0	0	0	0	0	0	0	0	0	0	0	0	0	0	0	0	0	0	0	0	0	0	0	0	0	0	0	0	0	0	0	0	0	0	0	0	0	0	0	0	0	0	0	0	0	0	0	0	0	0	0	0	0	0	0	0	0	0	0	0	0	0	0	0	0	0	0	0	0	0	0	0	0	0	0	0	0	0	0	0	0	0	0	0	0	0	0	0	0	0	0	0	0	0	0	0	0	0	0	0	0	0	0	0	0	0	0	0	0	0	0	0	0	0	0	0	0	0	0	0	0	0	0	0	0	0	0	0	0	0	0	0	0	0	0	0	0	0	0	0	0	0	0	0	0	0	0	0	0	0	0	0	0	0	0	0	0	0	0	0	0	0	0	0	0	0	0	0	0	0	0	0	0	0	0	0	0	0	0	0	0	0	0	0	0	0	0	0	0	0	0	0	0	0	0	0	0	0	0	0	0	0	0	0	0	0	0	0	0	0	0	0	0	0	0	0	0	0	0	0	0	0	0	0	0	0	0	0	0	0	0	0	0	0	0	0	0	0	0	0	0	0	0	0	0	0	0	0	0	0	0	0	0	0	0	0	0	0	0	0	0	0	0	0	0	0	0	0	0	0	0	0	0	0	0	0	0	0	0	0	0	0	0	0	0	0	0	0	0	0	0	0	0	0	0	0	0	0	0	0	0	0	0	0	0	0	0	0	0	0	0	0	0	0	0	0	0	0	0	0	0	0	0	0	0	0	0	0	0	0	0	0	0	0	0	0	0	0	0	0	0	0	0	0	0	0	0	0	0	0	0	0	0	0	0	0	0	0	0	0	0	0	0	0	0	0	0	0	0	0	0	0	0	0	0	0	0	0	0	0	0	0	0	0	0	0	0	0	0	0	0	0	0	0	0	0	0	0	0	0	0	0	0	0	0	0	0	0	0	0	0	0	0	0	0	0	0	0	0	0	0	0	0	0	0	0	0	0	0	0	0	0	0	0	0	0	0	0	0	0	0	0	0	0	0	0	0	0	0	0	0	0	0	0	0	0	0	0	0	0	0	0	0	0	0	0	0	0	0	0	0	0	0	0	0	0	0	0	0	0	0	0	0	0	0	0	0	0	0	0	0	0	0	0	0	0	0	0	0	0	0	0	0	0	0	0	0	0	0	0	0	0	0	0	0	0	0	0	0	0	0	0	0	0	0	0	0	0	0	0	0	0	0	0	0	0	0	0	0	0	0	0	0	0	0	0	0	0	0	0	0	0	0	0	0	0	0	0	0	0	0	0	0	0	0	0	0	0	0	0	0	0	0	0	0	0	0	0	0	0	0	0	0	0	0	0	0	0	0	0	0	0	0	0	0	0	0	0	0	0	0	0	0	0	0	0	0	0	0	0	0	0	0	0	0	0	0	0	0	0	0	0	0
42332	0	15672	53	0	608	2181	0	0	0	982	3571	3772	0	172	2767	0	163	0	0	571	0	59	457	32	0	426	73	0	0	24	0	248	0	0	33	273	0	0	0	0	0	0	184	0	0	0	0	878	14	0	0	388	0	0	58	0	0	0	0	0	0	0	0	87	0	0	0	0	0	0	3715	0	0	0	0	0	0	221	0	0	0	0	0	0	0	0	0	0	1	0	0	0	732	147	13	73	0	0	0	0	342	257	0	0	69	0	0	0	0	0	23	0	0	0	0	0	0	0	0	0	0	0	571	0	0	0	0	12	19	0	0	0	0	0	0	0	0	0	0	309	0	0	41	0	2	0	212	0	0	0	0	162	59	0	0	0	0	0	0	0	9	0	0	103	0	0	0	0	0	0	0	0	0	0	0	0	0	0	0	286	4	110	0	0	0	0	61	0	0	0	0	0	0	0	0	0	0	0	0	0	0	0	0	64	0	0	0	0	0	0	0	0	0	0	0	0	0	0	0	0	0	0	0	0	0	0	0	0	0	0	0	0	0	0	0	29	0	59	0	0	0	45	0	0	0	0	0	0	0	0	0	0	0	0	0	0	0	0	0	0	0	0	0	0	0	0	0	0	0	0	0	0	117	0	0	0	0	0	0	0	0	0	0	0	0	0	0	0	0	0	0	0	0	0	0	0	0	0	0	0	0	0	0	0	0	0	0	37	0	0	38	0	0	0	0	0	0	0	0	0	0	0	0	0	0	0	0	0	0	0	0	0	0	67	0	0	0	0	0	0	0	0	73	0	0	0	0	0	0	0	0	73	0	0	0	198	0	0	0	0	0	0	0	0	0	0	0	0	0	0	0	0	0	0	0	0	0	0	0	0	0	0	0	0	0	13	0	0	0	0	0	0	0	0	0	0	0	0	0	0	0	0	0	0	0	0	0	0	0	0	0	0	0	0	0	0	0	0	0	0	0	0	0	0	0	0	0	0	0	0	0	0	0	0	0	0	0	0	0	0	0	0	0	0	0	0	0	0	0	0	0	0	0	0	0	0	0	0	0	0	0	0	0	0	0	0	0	0	0	0	0	0	0	0	0	0	0	0	0	0	0	0	0	0	0	0	0	0	0	0	0	0	0	0	0	0	0	0	0	0	0	0	0	0	0	0	0	0	0	0	0	0	0	0	0	0	0	0	0	0	0	0	0	0	0	0	0	0	0	0	0	0	0	0	0	0	0	0	0	0	0	0	0	0	0	0	0	0	0	0	0	0	0	0	0	0	0	0	0	0	0	0	0	0	0	0	0	0	0	0	0	0	0	0	0	0	0	0	0	67	67	0	0	0	0	0	0	0	0	0	0	0	0	0	0	0	0	0	0	0	0	0	0	0	0	0	0	0	0	0	0	0	0	0	0	0	0	0	0	0	0	58	0	0	0	0	0	0	0	0	0	0	0	0	0	0	0	0	0	0	0	0	0	0	0	0	0	0	0	0	0	0	0	0	0	0	0	0	0	0	0	0	0	0	0	0	0	0	0	0	0	0	0	0	0	0	0	0	0	0	0	0	0	0	0	0	47	0	0	0	0	0	0	0	0	0	0	0	0	0	0	0	0	0	0	0	0	0	0	0	0	0	0	0	0	0	0	0	0	0	0	0	0	0	0	0	0	0	0	0	0	0	0	0	39	0	0	0	0	0	0	0	0	0	0	0	0	0	0	0	0	0	0	0	0	0	0	0	0	0	0	0	0	0	0	0	33	0	0	0	0	0	0	0	0	0	0	31	0	0	0	0	0	0	0	0	0	0	0	0	0	0	0	29	0	0	0	0	0	0	0	0	0	0	0	0	27	0	0	0	0	0	0	0	0	0	0	0	0	0	0	0	0	0	0	0	0	0	0	0	0	0	0	0	0	0	0	0	0	0	0	0	0	0	0	0	0	0	0	0	0	0	0	0	0	0	0	0	0	0	0	0	0	0	0	0	0	0	0	0	0	0	0	0	0	0	0	0	0	0	0	0	0	0	0	0	0	0	0	0	0	0	0	0	0	0	0	0	0	0	0	0	0	0	0	0	0	0	0	0	0	0	0	0	0	0	0	0	0	0	0	0	0	0	0	0	0	0	0	0	0	0	0	0	0	0	0	0	0	0	0	0	0	0	0	0	0	0	0	0	0	0	0	0	0	0	0	0	0	0	0	0	0	0	0	0	0	2	0	0	0	0	0	0	0	0
42333	0	16934	0	0	125	2395	0	34	0	796	5606	4076	0	108	1390	29	24	0	0	561	0	40	255	0	0	57	41	0	43	0	0	200	0	0	189	10	0	33	21	0	0	0	28	235	0	15	0	981	0	0	0	0	176	0	147	0	16	0	0	0	0	0	0	234	0	0	265	48	0	0	0	0	0	0	0	0	0	0	0	0	0	0	0	0	15	0	15	0	5	0	0	0	389	71	7	43	0	0	0	0	10	58	0	0	6	0	16	0	0	0	0	0	0	0	1009	0	0	0	46	0	0	0	66	0	0	0	0	983	0	0	61	0	0	0	0	0	75	0	0	166	0	0	0	563	7	0	126	0	58	0	0	0	117	0	0	0	0	0	0	0	72	55	0	24	0	0	0	0	0	0	0	11	0	676	0	0	0	0	0	23	0	67	0	0	0	0	34	0	0	0	0	0	0	0	0	12	0	0	0	0	0	0	148	9	0	0	0	0	0	0	0	0	23	0	0	0	0	0	0	0	45	0	0	0	0	0	0	0	0	0	88	0	0	0	0	0	0	0	0	0	0	0	0	0	6	0	36	0	0	0	0	0	0	0	0	0	0	0	0	0	0	0	0	0	0	0	0	28	0	0	19	0	0	0	0	0	0	0	0	0	0	0	0	0	0	0	0	0	0	0	0	0	0	0	0	0	0	0	0	0	0	0	17	0	0	0	0	38	0	0	49	0	0	0	0	0	0	0	0	0	0	0	0	0	0	0	0	0	0	0	0	0	0	0	0	0	0	0	0	0	0	0	25	0	0	0	0	0	0	0	0	103	0	0	0	0	0	0	0	0	0	0	0	0	0	0	0	0	183	0	49	0	0	0	0	0	0	0	0	0	0	39	0	0	0	9	0	0	0	0	0	0	0	0	0	0	0	0	0	0	0	0	78	0	0	0	0	0	0	0	0	0	0	0	0	0	0	0	0	0	0	0	0	0	0	0	0	0	0	0	0	0	0	0	0	0	0	0	0	0	0	0	0	0	0	0	0	0	0	0	0	0	0	0	0	0	0	0	0	0	110	0	0	0	0	0	0	0	0	0	0	0	0	0	0	0	0	0	0	0	0	0	0	0	0	0	0	0	0	0	0	0	0	0	0	0	0	0	0	0	0	0	0	7	0	0	0	0	0	0	0	0	0	0	0	0	0	0	0	0	0	0	0	0	0	0	0	0	0	0	0	0	0	0	0	0	0	0	0	0	0	0	0	0	0	0	0	0	0	0	0	0	0	0	0	0	0	0	0	0	0	0	0	0	0	0	0	0	0	0	0	0	0	0	0	0	0	0	0	0	0	0	0	0	0	0	0	0	0	0	0	0	0	0	0	0	0	0	0	0	0	0	0	0	0	0	0	0	0	0	0	0	0	0	0	0	0	0	0	0	0	0	0	0	0	0	0	0	0	0	0	0	0	0	0	0	0	0	0	0	0	0	0	0	0	0	0	0	0	0	0	0	0	0	0	0	0	0	0	0	0	0	0	0	0	0	0	0	0	0	0	0	0	0	10	0	0	0	0	0	0	0	0	0	0	0	0	0	0	0	0	0	0	0	0	0	0	0	0	0	0	0	0	0	0	0	0	0	0	0	0	0	0	0	0	0	0	0	0	0	0	0	0	0	0	0	0	0	0	0	0	0	0	0	0	0	0	0	0	0	0	0	0	0	0	0	0	0	0	0	36	0	0	0	0	0	0	0	0	0	0	0	21	0	0	0	0	0	0	0	0	0	0	0	0	0	0	0	0	0	0	0	0	0	0	0	0	0	0	0	0	0	0	0	0	0	0	0	0	0	0	0	0	0	0	0	0	0	0	0	0	0	0	0	0	0	0	0	0	0	0	0	0	0	0	0	0	0	0	0	0	0	0	0	0	0	0	0	0	0	0	0	0	0	0	0	0	0	0	0	0	0	0	0	0	0	0	0	0	0	0	0	0	0	0	0	0	0	0	0	0	0	0	0	0	0	0	0	0	0	0	0	0	0	0	0	0	0	0	0	0	0	0	0	0	0	0	0	0	0	0	0	0	0	0	1	0	0	0	0	0	0	0	0	0	0	0	0	0	0	0	0	0	0	0	0	0	0	0	0	0	0	0	0	0	0	0	0	0	0	0	0	0	0	0	0	0	0	0	0	0	0	0	0	0	0	0	0	0	0	0	0	0	0	0	0	0	0	0	0	0	0	0	0	0	0
42334	0	7965	0	0	91	891	0	250	0	329	2804	5985	0	10	2431	0	78	0	0	786	0	0	236	0	49	604	0	0	0	63	0	305	26	28	89	608	0	0	0	167	31	0	44	103	0	0	0	395	0	0	19	0	27	0	41	42	0	0	45	0	0	0	0	51	0	0	15	110	0	0	0	0	100	0	0	0	0	0	0	0	0	0	0	0	0	0	75	0	0	0	0	24	271	57	27	91	0	0	0	0	66	86	0	13	143	0	0	0	0	0	0	0	0	5	235	0	0	0	0	0	0	42	0	0	0	0	0	51	25	0	0	0	0	0	0	0	0	0	0	175	0	0	0	108	0	0	170	11	45	0	0	0	0	0	0	0	0	0	0	0	219	0	0	39	0	0	0	201	0	0	0	0	0	0	0	0	0	0	0	172	21	0	69	0	0	0	0	35	0	0	0	0	0	0	0	108	0	0	0	0	0	0	0	0	0	9	0	0	0	0	0	0	0	0	0	0	0	0	0	0	14	0	0	0	0	0	0	0	0	0	0	0	0	0	0	0	0	0	0	0	0	0	0	0	19	0	58	0	0	0	0	0	0	0	0	105	0	0	48	0	0	0	0	0	0	0	0	0	0	0	0	0	0	0	0	0	0	0	0	0	0	0	0	0	0	0	0	0	0	0	0	0	0	0	0	0	0	0	0	0	0	0	0	0	0	0	0	0	0	0	133	0	0	0	0	0	0	0	0	0	0	0	0	0	0	0	0	0	0	0	0	0	0	0	0	0	0	0	0	0	0	0	10	0	0	0	0	0	0	0	0	0	0	0	0	0	0	62	0	0	0	0	0	0	1	0	0	0	0	0	0	0	0	0	0	0	0	0	0	0	0	100	0	0	0	0	0	0	0	0	0	0	0	0	0	0	0	0	0	0	0	0	0	0	0	0	0	0	94	0	0	0	0	0	0	0	0	0	0	0	0	0	0	0	0	0	0	0	35	0	0	0	0	0	0	0	0	0	0	0	0	0	0	0	0	0	0	0	0	0	0	0	0	0	0	0	0	0	0	0	0	0	0	0	0	0	0	0	0	0	0	0	0	0	0	17	0	0	0	0	0	0	0	0	0	0	0	0	0	0	0	0	0	0	0	0	0	0	0	0	0	0	0	0	0	0	0	0	0	0	0	0	0	0	0	0	0	0	0	0	0	0	0	0	0	0	0	0	0	0	0	0	0	0	0	0	0	0	0	0	0	0	0	0	0	0	0	0	0	0	0	0	0	0	0	0	0	0	0	0	0	0	0	71	0	0	0	0	0	0	0	0	0	0	0	0	0	0	0	0	0	0	0	0	0	0	0	0	66	0	0	0	0	0	0	0	64	0	0	0	0	0	0	0	0	0	0	0	0	0	0	0	0	0	0	0	59	0	0	0	0	0	0	0	0	0	0	0	0	0	0	0	0	0	0	0	0	0	0	0	0	0	0	0	0	0	0	0	0	0	0	0	0	0	0	0	0	0	0	0	0	0	0	0	51	0	0	0	0	0	0	0	0	0	0	0	0	0	0	0	0	0	0	0	0	0	0	0	0	0	0	0	0	0	0	0	0	45	45	0	0	0	0	44	0	0	0	0	0	0	0	0	0	0	0	0	0	0	0	0	0	0	0	0	0	0	0	0	0	40	0	0	0	0	0	0	0	0	0	0	38	0	0	0	0	0	0	0	0	0	0	0	0	0	0	0	0	0	0	0	0	0	0	34	0	0	0	0	0	0	0	0	32	0	0	0	0	0	0	0	0	0	0	0	0	0	0	0	0	0	0	0	0	0	0	0	0	0	0	0	0	0	0	0	0	0	0	0	0	0	0	0	0	0	0	0	0	0	0	0	0	0	0	0	0	0	0	0	0	0	0	0	0	0	21	0	0	0	0	0	0	0	0	0	0	0	0	0	0	0	0	0	0	0	0	0	0	0	0	0	0	0	0	0	0	0	0	0	0	0	0	0	0	0	15	0	0	0	0	0	0	0	0	0	0	0	0	0	0	0	0	0	0	0	0	0	0	0	0	0	0	0	0	0	0	0	11	0	0	0	0	0	0	0	0	0	0	0	0	0	0	0	0	0	0	0	0	0	0	0	0	0	0	0	0	0	0	0	0	0	0	0	0	0	0	0	0	0	0	0	0	0	0	0	0	0	0	0	0	0	0	0	0	0	0	0	0	0	0	0	0	0	0	0	0	0
42335	65	794	88	57	1003	1378	0	280	0	202	1327	578	42	103	895	1295	777	36	0	1079	250	193	196	199	4	471	134	0	58	107	574	140	47	0	136	262	89	0	56	0	96	6374	184	107	0	23	322	417	184	0	81	58	34	120	0	144	56	8	0	4999	55	395	227	330	0	0	0	11	0	0	0	172	52	0	26	0	61	0	0	24	0	19	0	0	107	43	99	0	25	212	0	27	59	159	8	21	32	0	0	0	70	27	62	0	55	0	38	0	46	0	61	0	0	6	0	15	0	193	0	41	0	0	83	0	0	0	0	4	0	0	0	0	0	0	0	0	138	44	0	95	0	32	75	0	30	0	93	0	57	0	0	0	0	0	0	0	0	349	0	21	61	0	0	40	0	0	0	0	0	0	35	32	0	0	0	0	0	0	0	0	5	0	0	9	0	0	0	19	0	0	31	0	74	0	0	79	0	0	52	107	29	0	0	0	242	0	63	0	0	0	30	0	0	0	0	53	0	0	0	10	0	0	0	0	117	0	0	0	0	0	0	0	40	0	0	51	0	0	82	0	105	4	0	0	0	0	0	0	0	0	25	0	0	0	0	0	0	0	0	0	0	0	2	0	0	0	7	0	0	0	0	0	11	0	0	33	17	0	0	0	0	0	0	0	0	0	0	0	46	0	0	0	3	0	0	0	185	0	0	0	0	0	0	0	0	0	0	0	0	0	2	0	0	0	0	0	67	0	0	0	0	0	0	0	0	0	0	0	0	0	62	5	0	29	0	0	0	0	0	0	0	0	0	0	0	0	0	0	0	0	88	0	0	0	0	0	0	67	0	0	0	19	0	0	17	0	0	0	0	0	0	128	0	0	0	0	0	0	0	0	0	6	0	0	0	0	0	0	0	0	0	0	0	0	0	0	0	0	0	0	0	0	0	0	0	0	0	0	0	45	0	0	0	151	0	0	0	0	0	0	0	0	0	0	0	0	0	0	0	0	0	0	0	0	0	0	0	0	0	0	13	0	0	0	0	0	0	0	0	0	0	0	0	0	0	0	0	0	0	0	0	0	0	0	48	0	0	0	0	0	0	0	0	0	0	0	0	0	0	0	0	0	0	0	0	0	0	99	0	0	0	0	0	0	0	0	0	0	0	0	0	0	0	0	0	0	0	0	0	0	0	0	0	51	0	0	0	0	0	0	0	0	0	0	0	0	0	0	0	0	0	28	0	0	0	0	0	0	0	0	23	0	0	0	62	0	0	0	0	0	0	0	0	0	0	0	0	0	73	0	0	0	0	0	0	0	0	0	0	0	0	0	0	0	0	0	0	0	0	0	0	0	0	0	0	0	0	0	0	66	0	0	0	0	6	0	0	0	0	0	0	0	0	0	0	0	0	0	0	0	0	0	0	0	0	0	0	0	0	0	0	0	0	0	0	0	0	0	0	0	0	0	0	0	0	0	0	0	0	0	0	0	0	0	0	0	0	0	0	0	0	0	0	0	0	0	0	0	0	0	52	0	0	0	0	0	0	0	0	0	0	0	0	0	0	0	0	0	0	48	0	0	0	0	0	0	0	0	0	0	0	21	0	0	0	0	0	0	0	0	0	0	0	0	0	0	0	0	0	43	0	0	0	0	8	0	0	0	0	0	0	0	0	0	41	0	0	0	0	0	0	0	0	0	0	39	0	0	0	0	0	38	38	0	0	0	0	37	0	0	0	0	0	35	0	0	0	0	0	0	0	0	0	0	0	0	0	33	0	0	0	0	0	0	0	0	0	0	31	31	0	0	0	0	0	0	0	0	21	0	0	0	0	0	0	0	0	0	0	28	0	0	0	0	0	0	0	0	0	0	26	51	0	0	25	0	0	0	0	0	9	0	0	0	0	0	0	0	0	0	0	0	0	0	0	0	0	0	0	0	0	0	0	0	0	0	0	0	0	0	0	0	0	18	0	0	0	0	0	0	0	0	0	0	0	0	0	0	0	0	0	0	0	0	0	15	0	0	0	0	0	0	0	0	0	14	0	0	0	0	0	0	0	0	0	0	0	0	0	0	0	0	0	0	0	0	0	11	0	0	0	0	0	0	0	0	0	0	0	0	0	0	8	0	0	0	0	0	0	0	0	0	0	0	0	0	0	0	0	0	0	6	0	5	0	0	0	0	0	0	0	0	0	0	0	0	0	0	0	0	0	0	0	0	0	0	0	0	0	0	0	0	0	0	0	0
42336	486	1461	923	0	2084	1456	0	690	0	3413	3573	361	132	109	535	310	572	0	0	392	348	274	304	134	59	766	183	0	563	1235	709	948	264	0	837	942	274	118	318	0	365	0	172	0	31	163	105	348	197	372	23	0	129	155	0	1194	709	149	158	0	299	165	46	262	206	9	182	69	0	0	0	0	197	0	315	0	54	438	15	0	0	0	0	0	24	0	70	357	88	739	0	52	57	6	61	353	295	0	0	0	191	61	54	0	311	0	102	0	0	386	0	0	76	0	0	47	0	17	405	0	279	0	34	283	0	0	171	21	177	0	294	0	0	0	0	0	0	173	33	40	0	0	87	0	3	0	30	125	0	25	3	0	0	0	0	304	0	0	0	0	0	196	126	0	694	0	0	0	0	0	0	0	0	0	0	0	0	0	0	0	25	68	521	229	0	0	0	0	0	0	0	0	0	0	0	145	0	0	267	0	0	0	0	0	0	11	0	0	0	0	0	0	0	0	0	0	0	0	140	0	23	0	0	76	0	0	0	0	0	0	0	61	60	0	0	0	0	76	212	0	179	0	0	0	0	0	0	79	0	0	83	99	0	0	0	0	138	0	19	0	0	0	25	0	0	61	5	0	0	38	0	0	0	222	0	162	0	0	0	0	0	83	0	0	0	0	0	0	0	0	301	0	20	0	0	0	0	54	0	0	0	51	0	0	0	25	0	0	0	0	0	0	0	0	0	0	0	0	0	0	0	0	0	0	3	0	0	0	0	0	0	32	0	0	0	0	0	0	0	0	0	0	0	0	219	0	0	0	212	0	0	0	0	0	0	0	0	28	48	0	49	0	0	0	0	0	0	0	0	0	133	0	0	0	0	0	0	0	0	0	0	0	0	0	0	0	0	0	0	160	0	0	0	0	0	0	0	0	95	0	0	0	0	0	0	0	0	0	0	0	0	44	0	0	0	0	0	0	0	0	0	0	0	0	0	0	0	0	42	0	54	0	0	0	0	0	125	0	0	0	0	0	0	104	0	0	74	0	0	0	0	0	0	0	0	0	0	112	0	0	0	0	0	0	0	0	0	0	108	0	0	0	0	0	0	0	0	0	0	0	0	0	0	101	0	0	0	0	0	0	0	0	0	0	0	0	0	0	0	0	0	0	0	62	0	0	0	0	0	0	0	0	0	0	0	0	0	0	0	0	0	0	0	0	0	86	0	0	0	0	0	0	0	0	0	0	0	0	0	0	0	0	0	0	0	0	0	0	0	0	0	0	0	0	0	0	0	0	0	0	72	0	0	0	0	0	0	0	0	0	0	0	0	0	0	0	68	0	0	0	0	10	0	0	0	0	0	0	0	0	0	0	0	0	0	0	0	0	0	0	0	0	0	0	0	0	0	0	0	0	0	0	0	0	0	0	0	27	0	0	0	0	0	0	0	0	0	57	0	0	0	0	0	0	0	0	0	0	55	0	0	0	0	0	0	0	54	0	0	3	0	0	0	0	0	0	0	0	0	0	0	0	0	0	0	51	0	0	0	0	0	0	0	0	0	49	0	0	0	0	0	0	0	0	0	0	0	0	0	0	0	0	0	0	0	0	0	0	0	0	0	0	0	0	44	0	0	0	0	0	0	0	0	0	0	0	0	0	0	0	0	0	0	0	0	0	0	0	0	0	0	0	0	0	0	0	0	0	0	0	0	0	0	0	0	0	0	0	0	0	0	0	0	0	0	0	0	0	0	0	0	0	0	0	0	0	0	0	0	0	0	0	0	0	0	0	0	0	0	0	0	0	0	0	0	0	0	0	0	0	0	0	0	0	0	0	0	0	0	0	0	0	0	0	0	0	0	27	19	0	0	0	0	0	0	0	0	0	0	0	0	0	0	0	0	0	0	0	0	0	0	0	0	0	0	0	0	0	0	0	0	0	0	0	0	0	0	0	0	0	0	0	0	0	0	0	17	0	0	0	0	0	0	0	0	0	0	0	0	0	0	0	0	0	0	0	0	0	0	0	0	0	0	0	0	0	0	0	0	0	0	0	0	0	0	0	0	0	0	0	0	0	0	0	0	0	0	0	11	0	0	0	0	0	0	0	0	0	0	0	0	0	0	8	0	0	0	0	0	0	0	0	0	0	7	0	0	0	0	0	0	0	0	0	5	0	0	0	0	0	0	0	0	0	0	0	0	0	0	0	0	0	0	0	0	0	0	0	0	0	0	0	0	0	0	0
42337	36	882	695	2	1257	733	0	291	0	1179	1543	219	3	14	231	278	298	0	0	227	977	0	7381	5	0	655	55	0	1085	1920	178	310	402	13	2383	726	102	356	1051	0	250	7	70	97	45	0	246	63	861	91	507	0	160	467	433	879	908	215	228	0	1599	33	54	564	488	35	159	41	916	0	0	155	667	0	13	0	17	56	39	0	45	11	164	0	25	135	102	0	32	213	15	519	30	104	67	40	106	0	0	0	61	133	19	75	41	29	0	0	118	47	10	0	68	12	4	26	0	45	0	0	385	18	3	77	0	0	0	88	54	0	9	0	36	0	9	0	246	143	83	231	0	0	121	25	0	0	234	52	0	40	17	0	118	96	0	28	18	0	0	71	26	0	368	92	0	0	0	0	0	10	0	7	0	0	0	0	0	9	0	19	31	19	0	38	0	0	61	105	0	0	0	0	43	0	12	0	212	0	152	0	51	0	6	0	0	86	208	0	0	73	0	0	103	23	19	0	0	0	0	9	0	85	14	17	7	0	0	0	0	0	0	0	6	0	0	20	62	61	96	48	46	0	0	20	0	0	0	0	0	220	86	3	0	0	0	0	0	110	74	0	0	0	0	8	0	0	2	0	0	0	0	0	16	117	0	93	95	0	0	0	0	0	0	0	0	3	0	0	0	0	0	0	6	0	160	0	86	50	0	96	24	48	0	20	0	17	0	34	45	0	0	0	0	24	15	0	0	0	0	202	36	43	0	0	13	193	8	0	0	167	0	0	0	22	0	7	0	0	0	0	53	0	8	20	0	0	0	0	0	0	121	0	0	0	0	0	0	0	0	149	0	15	0	0	0	0	0	0	0	173	0	54	13	0	0	0	0	0	0	0	0	0	36	0	0	21	0	0	0	0	0	14	0	0	0	0	0	0	0	0	0	0	0	0	0	0	0	0	0	45	0	22	59	0	0	0	0	0	0	0	0	0	0	0	0	0	132	0	54	0	8	129	0	0	0	0	0	0	0	0	2	0	0	0	0	0	13	0	0	0	0	0	0	0	0	0	0	0	100	0	0	110	0	0	61	0	0	0	0	0	0	0	0	0	0	0	0	104	0	0	0	0	0	0	0	0	47	0	0	4	0	97	0	0	0	0	0	0	9	0	0	0	0	0	0	0	0	0	0	91	0	0	0	16	0	0	0	0	0	0	0	0	0	0	0	0	0	0	0	0	0	10	0	0	0	0	0	0	0	0	0	0	0	0	0	38	0	0	0	0	0	0	0	0	0	0	0	0	0	0	0	0	0	0	0	0	0	0	0	0	70	0	0	0	0	0	0	0	0	0	0	0	67	67	0	0	0	0	0	0	0	0	0	0	0	35	0	0	0	0	0	0	0	0	0	0	0	0	0	0	0	61	0	0	0	0	0	0	0	0	0	0	58	0	0	0	0	0	0	0	0	56	0	0	0	0	0	0	0	55	0	0	0	0	0	0	0	0	0	4	53	53	40	24	0	0	0	0	0	0	0	0	0	0	0	0	0	0	0	0	0	0	0	0	0	0	0	0	0	0	48	0	0	0	0	0	0	47	0	0	0	0	25	0	0	0	0	0	0	38	0	0	0	0	0	44	0	0	0	0	16	0	0	0	0	42	42	42	0	0	0	0	0	0	0	0	0	0	0	0	40	0	0	0	0	0	0	0	0	0	0	0	0	0	0	0	0	0	12	0	0	0	0	0	0	0	0	0	0	0	0	0	1	0	0	0	0	0	0	0	0	0	0	0	0	0	0	0	0	0	31	31	31	31	0	0	0	0	0	6	0	0	0	0	29	20	0	0	0	0	12	0	0	0	0	0	0	0	8	0	0	0	0	0	0	0	0	0	0	0	0	24	0	0	0	0	0	0	0	0	0	0	0	0	0	21	21	0	0	0	0	0	0	0	0	0	0	0	0	0	0	0	0	0	0	0	0	0	0	0	0	0	0	0	0	0	16	0	0	0	0	0	0	0	0	0	15	0	0	0	0	0	0	0	0	0	14	0	0	0	0	13	13	0	0	0	0	0	12	0	0	0	0	0	0	0	0	0	0	11	0	0	0	0	0	0	0	0	9	0	0	0	0	0	0	0	0	0	0	0	0	0	0	0	0	0	0	0	0	0	0	0	0	0	0	0	0	0	0	0	0	0	0	0	4	0	0	0	0	3	3	0	0	0	0	0	0	0	0	0	0	0	0	0	0	0
42338	51024	0	0	0	0	0	0	0	0	0	0	0	11760	0	0	0	0	0	0	0	0	0	0	0	0	0	0	0	0	0	0	0	0	0	0	0	0	0	0	0	0	0	0	0	0	0	0	0	0	0	0	0	0	0	0	0	0	0	0	0	0	0	0	0	0	0	0	0	0	0	0	0	0	0	0	0	0	0	0	0	0	0	0	0	0	0	0	0	0	0	0	0	0	0	0	0	0	0	0	0	0	0	0	0	0	0	0	0	0	0	0	0	0	0	0	0	0	0	0	0	0	0	0	0	0	0	0	0	0	0	0	0	0	0	0	0	0	0	0	0	0	0	0	0	0	0	0	0	0	0	0	0	0	0	0	0	0	0	0	0	0	0	0	0	0	0	0	0	0	0	0	0	0	0	0	0	0	0	0	0	0	0	0	0	0	0	0	0	0	0	0	0	0	0	0	0	0	0	0	0	0	0	0	0	0	0	0	0	0	0	0	0	0	0	0	0	0	0	0	0	0	0	0	0	0	0	0	0	0	0	0	0	0	0	0	0	0	0	0	0	0	0	0	0	0	0	0	0	0	0	0	0	0	0	0	0	0	0	0	0	0	0	0	0	0	0	0	0	0	0	0	0	0	0	0	0	0	0	0	0	0	0	0	0	0	0	0	0	0	0	0	0	0	0	0	0	0	0	0	0	0	0	0	0	0	0	0	0	0	0	0	0	0	0	0	0	0	0	0	0	0	0	0	0	0	0	0	0	0	0	0	0	0	0	0	0	0	0	0	0	0	0	0	0	0	0	0	0	0	0	0	0	0	0	0	0	0	0	0	0	0	0	0	0	0	0	0	0	0	0	0	0	0	0	0	0	0	0	0	0	0	0	0	0	0	0	0	0	0	0	0	0	0	0	0	0	0	0	0	0	0	0	0	0	0	0	0	0	0	0	0	0	0	0	0	0	0	0	0	0	0	0	0	0	0	0	0	0	0	0	0	0	0	0	0	0	0	0	0	0	0	0	0	0	0	0	0	0	0	0	0	0	0	0	0	0	0	0	0	0	0	0	0	0	0	0	0	0	0	0	0	0	0	0	0	0	0	0	0	0	0	0	0	0	0	0	0	0	0	0	0	0	0	0	0	0	0	0	0	0	0	0	0	0	0	0	0	0	0	0	0	0	0	0	0	0	0	0	0	0	0	0	0	0	0	0	0	0	0	0	0	0	0	0	0	0	0	0	0	0	0	0	0	0	0	0	0	0	0	0	0	0	0	0	0	0	0	0	0	0	0	0	0	0	0	0	0	0	0	0	0	0	0	0	0	0	0	0	0	0	0	0	0	0	0	0	0	0	0	0	0	0	0	0	0	0	0	0	0	0	0	0	0	0	0	0	0	0	0	0	0	0	0	0	0	0	0	0	0	0	0	0	0	0	0	0	0	0	0	0	0	0	0	0	0	0	0	0	0	0	0	0	0	0	0	0	0	0	0	0	0	0	0	0	0	0	0	0	0	0	0	0	0	0	0	0	0	0	0	0	0	0	0	0	0	0	0	0	0	0	0	0	0	0	0	0	0	0	0	0	0	0	0	0	0	0	0	0	0	0	0	0	0	0	0	0	0	0	0	0	0	0	0	0	0	0	0	0	0	0	0	0	0	0	0	0	0	0	0	0	0	0	0	0	0	0	0	0	0	0	0	0	0	0	0	0	0	0	0	0	0	0	0	0	0	0	0	0	0	0	0	0	0	0	0	0	0	0	0	0	0	0	0	0	0	0	0	0	0	0	0	0	0	0	0	0	0	0	0	0	0	0	0	0	0	0	0	0	0	0	0	0	0	0	0	0	0	0	0	0	0	0	0	0	0	0	0	0	0	0	0	0	0	0	0	0	0	0	0	0	0	0	0	0	0	0	0	0	0	0	0	0	0	0	0	0	0	0	0	0	0	0	0	0	0	0	0	0	0	0	0	0	0	0	0	0	0	0	0	0	0	0	0	0	0	0	0	0	0	0	0	0	0	0	0	0	0	0	0	0	0	0	0	0	0	0	0	0	0	0	0	0	0	0	0	0	0	0	0	0	0	0	0	0	0	0	0	0	0	0	0	0	0	0	0	0	0	0	0	0	0	0	0	0	0	0	0	0	0	0	0	0	0	0	0	0	0	0	0	0	0	0	0	0	0	0	0	0	0	0	0	0	0	0	0	0	0	0	0	0	0	0	0	0	0	0
42339	30795	24	0	0	3385	0	0	580	0	10	1465	2	7178	336	333	49	905	0	0	0	51	156	5	32	21	0	20	0	22	17	288	0	6	0	64	0	75	720	14	0	18	38	20	15	53	33	22	2	25	0	0	134	0	1	0	42	29	18	32	0	0	14	56	0	0	0	16	38	0	0	0	0	0	0	53	0	0	14	4	0	0	8	0	0	26	0	25	0	38	0	0	6	0	5	13	66	0	0	0	0	0	10	12	0	31	0	6	0	0	0	0	0	0	24	0	0	0	12	0	29	0	0	0	0	0	0	0	0	2	0	0	0	0	0	0	0	14	0	0	0	0	0	0	7	0	0	0	0	0	0	0	9	0	0	0	0	0	0	0	0	3	0	0	0	0	0	0	0	0	0	0	0	0	0	0	0	0	0	0	0	0	0	6	10	0	0	0	0	0	0	0	0	0	0	0	0	0	57	0	0	0	0	0	0	0	10	0	41	0	0	0	0	0	0	0	0	0	0	0	0	0	0	0	0	13	0	0	0	0	0	0	0	0	0	0	0	0	0	30	0	0	0	0	0	43	0	0	0	0	0	0	0	0	0	0	17	0	0	17	0	0	0	0	0	0	0	7	0	0	0	0	0	0	0	0	0	0	0	0	0	0	0	0	0	0	0	0	0	0	0	0	0	0	0	16	0	0	0	0	0	0	0	0	0	0	0	0	0	0	0	0	0	0	0	0	0	0	0	0	0	0	0	0	0	0	0	0	0	0	0	0	0	0	0	0	0	0	0	0	0	14	0	0	0	0	0	0	0	0	0	0	0	0	0	0	0	0	0	0	0	0	0	0	0	1	0	0	0	0	10	0	0	0	0	0	0	0	0	0	0	0	0	0	0	0	5	0	0	0	0	0	0	0	0	0	0	0	0	0	0	0	0	0	0	0	0	0	0	0	0	0	0	0	0	0	0	0	0	0	0	0	0	0	0	0	0	0	0	0	0	0	0	0	0	0	0	0	0	0	0	0	0	0	0	0	0	0	0	0	0	0	0	0	0	0	0	0	0	0	0	0	0	0	0	0	0	0	0	0	0	0	0	0	0	0	0	0	0	0	0	0	0	0	0	0	0	7	0	0	0	0	0	0	0	0	7	0	0	0	0	0	0	0	0	0	0	0	0	0	0	0	0	0	7	0	0	0	0	0	0	0	0	0	0	0	0	0	0	0	0	0	0	0	0	0	0	0	0	0	0	0	80	0	0	0	0	0	0	0	0	0	0	0	0	0	0	0	0	0	0	0	0	0	0	0	0	0	0	0	0	0	0	0	0	0	0	0	0	0	0	0	0	0	0	0	0	0	0	0	0	0	0	0	0	0	0	0	0	0	0	0	0	0	0	0	0	0	0	0	0	0	0	0	0	0	0	0	0	0	0	0	0	0	0	0	0	0	0	0	0	0	0	0	0	0	0	0	0	0	0	0	0	0	0	0	0	0	0	0	0	0	0	0	0	5	0	0	0	0	0	0	0	0	0	0	0	0	0	0	0	0	0	0	0	0	0	0	0	0	0	0	0	0	0	0	0	0	0	0	0	0	0	0	0	0	0	0	0	0	0	0	0	0	0	0	0	0	0	0	0	0	0	0	0	0	0	0	0	0	0	0	0	0	0	0	0	0	0	0	0	0	0	0	0	0	0	0	0	0	0	0	0	0	0	0	0	0	0	0	0	0	0	0	0	35	0	0	0	0	0	0	0	0	0	0	0	0	0	0	0	0	0	0	32	0	0	0	0	0	0	0	0	0	0	0	0	0	0	0	0	0	0	0	0	0	0	0	0	0	0	0	0	0	0	0	0	0	0	0	0	0	0	0	0	0	0	0	0	0	0	0	0	0	0	0	0	0	0	0	0	22	0	0	0	0	0	0	0	0	0	0	0	0	0	0	0	0	0	0	0	0	0	0	0	0	0	0	0	0	0	0	0	0	0	0	0	0	0	0	0	0	0	0	0	0	0	0	0	0	0	0	0	0	0	0	0	0	0	0	0	0	0	0	0	0	0	0	0	0	0	0	0	0	0	0	0	0	0	0	0	0	0	0	0	0	0	0	0	0	9	0	0	0	0	0	0	0	0	0	0	0	0	0	0	0	0	0	0	0	0	0	0	0	0	0	0	0	0	0	0	0	0	0	0	0	0	0	0	0	0	0	0	0	0	0	0	0	0	0	0	0	0	0	0	0	0
42340	61	0	0	44803	0	0	0	0	0	0	0	0	11	0	0	0	0	11280	0	0	0	0	0	0	0	0	0	0	0	0	0	0	0	0	0	0	0	0	0	0	0	0	0	0	0	0	0	0	0	0	0	0	0	0	0	0	0	0	0	0	0	0	0	0	0	0	0	0	0	0	0	0	0	0	0	0	0	0	0	0	0	0	0	0	0	0	0	0	0	0	0	0	0	0	0	0	0	0	0	0	0	0	0	0	0	0	0	0	0	0	0	0	0	0	0	0	0	0	0	0	0	0	0	0	0	0	0	0	0	0	0	0	0	0	0	0	0	0	0	0	0	0	0	0	0	0	0	0	0	0	0	0	0	0	0	0	0	0	0	0	0	0	13	0	0	0	0	0	0	0	0	0	0	0	0	0	0	0	0	0	0	0	0	0	0	0	0	0	0	0	0	0	0	0	0	0	0	0	23	0	0	0	0	0	0	0	0	0	0	0	0	0	0	0	0	0	0	0	0	0	0	0	0	0	0	0	0	0	0	0	0	0	0	0	0	0	0	0	0	0	0	1	0	0	0	0	0	0	0	0	0	0	0	0	0	0	0	0	0	0	0	0	0	0	0	0	0	0	0	0	0	0	0	0	0	0	0	0	0	0	0	0	0	0	0	0	0	0	0	0	0	0	0	0	0	0	0	0	0	0	0	0	0	0	0	0	0	0	0	0	0	0	0	0	0	0	0	0	0	0	0	0	0	0	0	0	0	0	0	0	0	0	0	0	0	0	0	0	0	0	0	0	0	0	0	0	0	0	0	0	0	0	0	0	0	0	0	0	0	0	0	0	0	0	0	0	0	0	0	0	0	0	0	0	0	0	0	0	0	0	0	0	0	0	0	0	0	0	0	0	0	0	0	0	0	0	0	0	0	0	0	0	0	0	0	0	0	0	0	0	0	0	0	0	0	0	0	0	0	0	0	0	0	0	0	0	0	0	0	0	0	0	0	0	0	0	0	0	0	0	0	0	0	0	0	0	0	0	0	0	0	0	0	0	0	0	0	0	0	0	0	0	0	0	0	0	0	0	0	0	0	0	0	0	0	0	0	0	0	0	0	0	0	0	0	0	0	0	0	0	0	0	0	0	0	0	0	0	0	0	0	0	0	0	0	0	0	0	0	0	0	0	0	0	0	0	0	0	0	0	0	0	0	0	0	0	0	0	0	0	0	0	0	0	0	0	0	0	0	0	0	0	0	0	0	0	0	0	0	0	0	0	0	0	0	0	0	0	0	0	0	0	0	0	0	0	0	0	0	0	0	0	0	0	0	0	0	0	0	0	0	0	0	0	0	0	0	0	0	0	0	0	0	0	0	0	0	0	0	0	0	0	0	0	0	0	0	0	0	0	0	0	0	0	0	0	0	0	0	0	0	0	0	0	0	0	0	0	0	0	0	0	0	0	0	0	0	0	0	0	0	0	0	0	0	0	0	0	0	0	0	0	0	0	0	0	0	0	0	0	0	0	0	0	0	0	0	0	0	0	0	0	0	0	0	0	0	0	0	0	0	0	0	0	0	0	0	0	0	0	0	0	0	0	0	0	0	0	0	0	0	0	0	0	0	0	0	0	0	0	0	0	0	0	0	0	0	0	0	0	0	0	0	0	0	0	0	0	0	0	0	0	0	0	0	0	0	0	0	0	0	0	0	0	0	0	0	0	0	0	0	0	0	0	0	0	0	0	0	0	0	0	0	0	0	0	0	0	0	0	0	0	0	0	0	0	0	0	0	0	0	0	0	0	0	0	0	0	0	0	0	0	0	0	0	0	0	0	0	0	0	0	0	0	0	0	0	0	0	0	0	0	0	0	0	0	0	0	0	0	0	0	0	0	0	0	0	0	0	0	0	0	0	0	0	0	0	0	0	0	0	0	0	0	0	0	0	0	0	0	0	0	0	0	0	0	0	0	0	0	0	0	0	0	0	0	0	0	0	0	0	0	0	0	0	0	0	0	0	0	0	0	0	0	0	0	0	0	0	0	0	0	0	0	0	0	0	0	0	0	0	0	0	0	0	0	0	0	0	0	0	0	0	0	0	0	0	0	0	0	0	0	0	0	0	0	0	0	0	0	0	0	0	0	0	0	0	0	0	0	0	0	0	0	0	0	0	0	0	0	0	0	0	0	0	0	0	0	0	0	0	0	0	0	0	0	0	0	0	0	0	0	0	0	0	0
42380	0	0	0	0	182	0	0	0	0	0	0	0	0	0	0	0	48	0	0	0	0	0	0	0	0	0	0	0	0	0	0	0	0	0	0	0	0	0	0	0	0	0	0	0	0	0	0	0	0	0	0	0	0	0	0	0	0	0	0	0	0	0	0	0	0	0	0	0	0	0	0	0	0	0	0	0	0	0	0	0	0	0	0	0	0	0	0	0	0	0	0	0	0	0	0	0	0	0	0	0	0	0	0	0	0	0	0	0	0	0	0	0	0	0	0	0	0	0	0	0	0	0	0	0	0	0	0	0	0	0	0	0	0	0	0	0	0	0	0	0	0	0	0	0	365	0	0	0	0	0	0	0	0	0	0	0	0	0	0	0	0	0	0	0	0	0	0	0	0	0	0	0	0	0	0	0	0	0	0	0	0	0	0	0	0	0	0	0	0	0	0	0	0	0	0	0	0	0	0	0	0	0	0	0	0	0	0	0	0	0	0	0	0	0	0	0	0	0	0	0	0	0	0	0	0	0	0	0	0	0	0	0	0	0	0	0	0	0	0	0	0	0	0	0	0	0	0	0	0	0	0	0	0	0	0	0	0	0	0	0	0	0	0	0	0	0	0	0	0	0	0	0	0	0	0	0	0	0	0	0	0	0	0	0	0	0	0	0	0	0	0	0	0	0	0	0	0	0	0	0	0	0	0	0	0	0	0	0	0	0	0	0	0	0	0	0	0	0	0	0	0	0	0	0	0	0	0	0	0	0	0	0	0	0	0	0	0	0	0	0	0	0	0	0	0	0	0	0	0	0	0	0	0	0	0	0	0	0	0	0	0	0	0	0	47	0	0	0	0	0	0	0	0	0	0	0	0	0	0	0	0	0	0	0	0	0	0	0	0	0	0	0	0	0	0	0	0	0	0	0	0	0	0	0	0	0	0	0	0	0	0	0	0	0	0	0	0	0	0	0	0	0	0	0	0	0	0	0	0	0	0	0	0	0	0	0	0	0	0	0	0	0	0	0	0	0	0	0	0	0	0	0	0	0	0	0	0	0	0	0	0	0	0	0	0	0	0	0	0	0	0	0	0	0	0	0	0	0	0	0	0	0	0	0	0	0	0	0	0	0	0	0	0	0	0	0	0	0	0	0	0	0	0	0	0	0	0	0	0	0	0	0	0	0	0	0	0	0	0	0	0	0	0	0	0	0	0	0	0	0	0	0	0	0	0	0	0	0	0	0	0	0	0	0	0	0	0	0	0	0	0	0	0	0	0	0	0	0	0	0	0	0	0	0	0	0	0	0	0	0	0	0	0	0	0	0	0	0	0	0	0	0	0	0	0	0	0	0	0	0	0	0	0	0	0	0	0	0	0	0	0	0	0	0	0	0	0	0	0	0	0	0	0	0	0	0	0	0	0	0	0	0	0	0	0	0	0	0	0	0	0	0	0	0	0	0	0	0	0	0	0	0	0	0	0	0	0	0	0	0	0	0	0	0	0	0	0	0	0	0	0	0	0	0	0	0	0	0	0	0	0	0	0	0	0	0	0	0	0	0	0	0	0	0	0	0	0	0	0	0	0	0	0	0	0	0	0	0	0	0	0	0	0	0	0	0	0	0	0	0	0	0	0	0	0	0	0	0	0	0	0	0	0	0	0	0	0	0	0	0	0	0	0	0	0	0	0	0	0	0	0	0	0	0	0	0	0	0	0	0	0	0	0	0	0	0	0	0	0	0	0	0	0	0	0	0	0	0	0	0	0	0	0	0	0	0	0	0	0	0	0	0	0	0	0	0	0	0	0	0	0	0	0	0	0	0	0	0	0	0	0	0	0	0	0	0	0	0	0	0	0	0	0	0	0	0	0	0	0	0	0	0	0	0	0	0	0	0	0	0	0	0	0	0	0	0	0	0	0	0	0	0	0	0	0	0	0	0	0	0	0	0	0	0	0	0	0	0	0	0	0	0	0	0	0	0	0	0	0	0	0	0	0	0	0	0	0	0	0	0	0	0	0	0	0	0	0	0	0	0	0	0	0	0	0	0	0	0	0	0	0	0	0	0	0	0	0	0	0	0	0	0	0	0	0	0	0	0	0	0	0	0	0	0	0	0	0	0	0	0	0	0	0	0	0	0	0	0	0	0	0	0	0	0	0	0	0	0	0	0	0	0	0	0	0	0	0	0	0	0	0	0	0	0	0	0	0	0	0	0	0	0	0	0	0	0
42381	0	9613	214	0	128	10572	0	178	0	368	1233	2233	0	86	356	48	30	0	0	2332	25	0	82	0	0	913	9	0	136	0	24	89	516	0	0	527	7	0	19	840	18	0	29	39	0	330	0	139	0	17	11	0	0	0	59	0	0	19	0	0	0	0	25	221	0	0	0	16	0	0	0	0	6	0	0	0	0	0	0	0	0	0	45	0	0	0	176	0	0	0	0	20	272	42	6	23	8	0	0	0	0	32	0	0	0	0	0	0	0	0	4	0	0	12	42	0	0	8	0	0	0	0	36	0	0	0	0	10	38	0	0	0	0	0	0	0	0	0	0	19	0	9	0	258	14	0	24	4	0	0	0	0	28	0	0	0	0	0	0	0	38	0	0	52	0	0	0	0	0	0	0	33	0	0	0	0	0	0	0	19	125	34	0	0	0	0	8	0	0	0	21	0	0	0	0	0	0	0	0	0	0	0	0	0	0	0	0	0	0	0	0	0	0	0	0	0	0	0	33	14	33	0	0	0	0	0	0	0	0	0	0	0	90	0	0	0	0	0	0	0	0	43	0	0	0	0	0	0	0	0	0	0	0	0	0	0	60	0	35	0	0	0	0	0	0	0	0	63	0	0	0	0	0	0	0	0	0	0	0	0	0	0	44	0	0	0	0	0	0	0	0	0	0	0	0	0	0	0	0	0	0	0	0	0	0	0	0	0	0	0	29	0	0	0	0	0	0	0	0	0	0	0	0	0	0	0	0	0	0	0	0	0	0	0	0	0	0	0	12	0	0	0	80	0	0	0	0	0	0	0	0	9	0	0	0	0	0	0	0	0	79	0	0	0	0	0	0	0	0	0	0	0	0	0	0	0	0	0	0	0	0	18	0	0	0	3	0	0	0	0	0	0	0	0	0	0	0	0	0	0	0	0	0	0	0	0	0	0	0	0	0	0	0	0	0	0	0	0	0	0	0	0	0	0	0	0	0	0	0	0	0	0	0	0	0	0	0	0	0	0	5	0	0	0	0	0	0	0	0	0	0	0	0	0	0	0	0	0	0	0	0	0	0	0	0	0	0	0	0	0	0	0	0	0	0	0	0	0	0	0	0	0	0	0	0	0	0	0	0	0	0	0	0	0	0	0	0	0	0	0	0	0	0	0	0	0	0	0	0	0	0	0	0	0	0	0	0	0	0	0	0	0	0	0	0	0	0	0	0	0	0	0	0	0	0	0	0	0	0	0	0	0	0	0	0	0	0	0	0	0	0	0	0	0	0	0	0	0	0	0	0	0	0	0	0	0	0	0	0	0	0	0	0	0	0	0	0	0	0	0	0	24	0	0	0	0	0	0	0	0	0	0	0	0	0	0	0	0	0	0	0	0	0	0	0	0	0	0	0	0	0	0	0	0	0	0	0	2	0	0	0	0	0	0	0	0	0	0	0	0	0	0	0	0	0	0	0	0	0	0	0	0	0	0	0	0	0	0	0	0	0	0	0	0	0	0	0	0	0	0	0	0	0	0	0	0	0	0	0	0	0	0	0	0	0	0	0	0	0	0	0	0	0	0	0	0	0	0	0	0	0	0	0	0	0	0	0	0	0	0	0	0	0	0	0	0	0	0	0	0	0	0	0	0	0	0	0	0	0	0	0	0	0	0	0	0	0	0	0	0	0	0	0	0	0	0	0	0	0	0	0	0	0	0	0	0	0	0	0	0	0	0	0	0	0	0	0	0	0	0	0	0	0	0	0	0	0	0	33	0	0	0	0	0	0	0	0	0	0	0	0	0	0	0	0	0	0	0	0	0	0	0	0	0	0	0	0	0	0	0	0	0	0	0	0	0	0	0	0	0	0	0	0	0	0	0	0	0	0	0	0	0	0	0	0	0	23	0	0	0	0	0	0	0	0	0	0	21	0	0	0	0	0	0	0	0	0	0	0	0	0	0	0	0	0	0	0	0	0	0	0	0	0	0	0	0	0	16	0	0	0	0	0	0	0	0	0	0	0	0	0	0	0	0	0	0	0	0	0	0	0	0	0	0	0	0	0	0	0	0	0	0	0	0	0	0	0	0	0	0	0	0	0	0	0	0	0	0	0	0	0	0	0	0	0	0	0	0	0	0	0	0	0	0	0	7	0	0	0	0	0	0	0	0	0	0	0	0	0	0	0	0	0	0	0	0	0	0	0	0	0	0	0	0	0	0	0	0	2	0	0	0	0	0	0	0
42382	0	14050	42	0	356	7696	0	115	0	168	398	3465	0	265	83	413	71	0	0	1855	0	30	16	0	12	806	62	0	101	0	16	40	646	6	15	719	51	16	7	0	0	0	0	16	0	576	27	250	11	0	0	49	93	0	69	0	39	0	48	0	0	0	0	0	0	0	36	0	0	0	0	0	0	0	0	0	135	0	7	0	68	0	24	0	0	0	29	0	11	0	0	0	194	67	0	72	0	0	0	0	0	37	0	0	0	0	0	0	0	0	0	0	0	0	0	0	0	0	0	0	22	0	16	0	0	0	0	13	30	0	0	0	0	0	0	0	0	28	0	0	0	0	19	45	6	0	0	0	10	0	0	0	39	0	0	88	0	0	0	0	4	0	0	15	0	0	0	33	0	0	0	0	0	0	0	0	0	13	0	4	197	0	0	0	0	0	0	0	0	0	0	0	0	0	0	0	0	0	0	0	0	0	0	0	0	0	0	0	0	0	0	0	0	0	0	0	0	0	0	0	0	0	0	0	0	0	0	0	0	0	45	0	0	0	0	5	0	17	0	0	0	18	0	0	0	0	0	0	0	0	0	0	0	0	0	0	0	0	7	0	0	0	0	0	0	0	10	0	0	0	0	0	0	0	0	0	0	0	0	0	0	0	0	0	0	0	0	0	0	0	0	0	0	0	0	0	0	0	0	3	0	0	0	0	0	0	0	0	0	0	6	0	0	0	40	0	0	0	0	0	0	0	0	0	0	0	0	0	0	0	0	0	0	0	0	0	0	0	0	0	0	0	25	0	0	0	0	0	0	0	0	0	0	0	0	0	0	0	0	0	0	0	0	0	1	0	0	0	0	0	0	0	0	0	0	0	0	0	0	0	0	5	0	0	0	0	38	0	0	0	0	0	0	0	0	0	0	0	0	0	0	0	0	0	0	0	0	0	0	0	0	0	0	0	0	0	0	0	0	0	0	0	0	0	0	0	0	0	0	0	0	0	0	0	0	0	0	0	0	0	0	0	0	0	0	0	0	0	0	0	0	0	0	0	0	0	0	0	0	0	0	0	0	0	0	0	0	0	0	0	0	0	0	0	0	0	0	0	0	0	0	0	0	0	0	0	0	0	0	0	0	0	0	0	0	0	0	0	0	0	0	0	0	0	0	0	0	0	0	0	0	0	0	0	0	0	0	0	0	0	0	0	0	0	0	0	0	0	0	0	0	0	0	0	0	0	0	0	0	0	0	0	0	0	0	0	0	0	0	0	0	0	0	0	0	0	0	0	0	0	0	0	0	0	71	0	0	0	0	0	0	0	0	0	0	0	0	0	0	0	0	0	0	0	0	0	0	0	0	0	0	0	0	0	0	0	0	0	0	0	0	0	0	0	0	0	0	62	0	0	0	0	0	0	0	0	0	0	0	0	0	0	0	0	0	0	0	0	0	0	0	0	0	0	0	0	0	0	0	0	0	0	0	0	0	0	0	0	0	0	0	0	0	0	0	0	0	0	0	0	0	0	0	0	0	0	0	0	0	0	0	0	0	0	0	0	0	0	0	0	0	0	0	0	0	0	0	0	0	0	0	0	0	0	0	0	0	0	0	0	0	0	0	0	0	0	0	0	0	0	0	0	0	0	0	0	0	0	0	0	0	0	0	0	0	0	0	0	0	0	0	0	0	0	0	0	0	0	0	0	0	0	0	0	0	0	0	0	0	0	0	0	0	0	0	0	0	0	0	0	0	0	0	0	0	0	0	0	0	33	0	0	0	0	0	0	0	0	0	0	0	0	0	0	0	0	0	0	0	0	0	0	0	0	0	0	0	0	0	0	0	0	0	0	0	0	0	0	0	0	0	0	0	0	0	0	0	0	0	0	0	0	0	0	0	0	0	0	0	0	0	0	0	0	0	0	0	0	0	0	0	0	0	0	0	0	0	0	0	0	0	0	0	0	0	0	0	0	0	0	0	0	0	0	0	0	0	0	0	0	0	0	0	0	0	0	0	0	0	0	0	0	0	0	0	0	0	0	0	0	0	0	0	13	0	0	0	0	0	0	0	0	0	0	0	0	0	0	0	0	0	0	0	0	0	0	0	0	0	0	0	0	0	0	0	0	0	0	0	0	0	0	0	0	0	0	0	0	0	0	0	0	0	0	0	0	0	0	0	0	0	0	0	0	0	4	0	0	0	0	0	0	0	0	0	0	0	0	0	0	0	0	0	0	0	0
42383	221	117	2043	0	4205	1863	0	201	0	1291	1564	30	43	0	165	0	1036	0	0	450	1913	322	725	153	217	96	68	0	1531	626	0	332	582	32	939	233	297	207	613	0	398	0	23	0	89	729	72	58	271	214	149	0	0	1382	1244	666	519	627	339	0	773	0	0	334	295	44	1394	262	722	0	0	0	56	0	0	0	236	185	0	0	0	0	511	0	0	140	0	430	24	75	83	565	0	298	53	0	205	170	0	0	0	130	100	68	0	0	51	0	0	210	0	0	62	0	0	67	0	147	0	0	190	0	0	586	0	0	319	74	313	0	0	0	98	143	96	0	123	0	334	24	0	71	0	0	11	0	18	48	0	0	0	0	76	0	758	80	0	0	0	400	0	71	0	0	0	0	0	0	0	0	0	0	0	0	0	0	0	0	0	0	0	0	0	59	98	0	0	16	0	0	0	0	0	0	0	0	0	0	0	0	90	0	0	0	0	32	0	0	0	0	143	0	0	0	0	0	0	0	0	0	174	0	126	0	0	0	0	0	0	156	0	0	0	0	0	68	114	0	0	0	0	0	0	0	0	0	91	187	0	88	0	0	0	0	0	0	0	139	47	0	0	0	26	0	0	58	54	0	0	0	0	0	0	0	0	0	87	0	0	0	0	0	0	0	0	0	0	0	0	0	0	0	0	0	0	51	0	7	0	50	0	0	0	0	0	7	0	0	0	0	0	0	0	0	152	0	0	0	0	0	0	0	242	0	79	0	0	0	0	0	0	158	0	0	0	0	75	0	0	0	0	0	0	0	0	218	0	43	0	0	0	0	0	0	0	0	0	0	0	0	0	87	0	0	2	0	0	0	0	0	0	0	0	87	0	0	0	0	0	0	0	0	0	0	0	0	0	0	0	0	0	0	0	0	0	0	0	0	61	0	0	0	0	0	0	0	0	0	0	0	0	0	0	0	0	0	241	0	0	0	0	0	0	135	0	0	0	0	0	131	0	0	0	0	0	126	0	0	0	0	0	0	0	0	120	0	0	0	0	0	0	0	0	0	0	0	0	0	0	0	0	0	0	0	0	0	0	0	0	0	0	0	107	0	0	0	0	0	0	0	0	0	0	0	101	0	0	0	0	0	0	0	0	0	0	0	0	0	67	0	0	0	0	0	0	0	0	0	0	0	91	91	0	0	0	0	89	0	0	0	0	0	87	0	0	0	0	0	0	0	0	0	0	0	0	0	0	0	0	0	0	0	0	0	0	0	0	0	0	0	0	0	0	0	0	0	0	0	0	0	0	0	0	0	0	0	0	0	0	0	0	0	0	0	69	0	0	0	0	0	0	0	0	0	67	0	0	0	0	0	66	0	0	0	0	0	0	0	0	0	0	0	63	0	0	0	0	0	0	0	0	0	61	0	0	0	0	0	0	0	0	0	0	0	0	0	0	0	57	0	0	0	0	0	0	0	0	0	0	0	0	0	0	0	0	0	0	54	0	22	0	0	0	0	0	53	0	0	0	0	0	0	0	0	0	0	0	0	0	0	0	0	0	0	0	0	0	0	0	0	0	0	0	0	0	0	0	0	0	0	0	0	0	0	0	0	0	0	0	0	0	0	0	0	0	0	0	0	0	0	0	0	0	0	0	0	0	0	0	0	0	0	0	0	0	0	0	0	0	0	0	0	0	0	0	0	0	0	0	0	0	0	0	38	0	0	0	0	0	0	0	0	0	0	0	0	0	0	0	0	0	0	0	0	0	0	0	0	0	0	0	0	0	0	0	0	0	0	0	0	0	0	0	0	0	0	0	0	0	0	0	0	0	0	0	0	0	0	0	0	0	0	0	0	0	0	0	0	0	0	0	0	0	0	0	0	0	0	0	0	15	0	0	0	0	0	0	0	0	0	0	0	0	0	0	0	0	0	0	0	0	0	0	0	0	0	0	0	0	0	0	0	0	0	0	0	0	0	0	0	0	0	0	0	0	0	0	0	0	0	0	0	0	0	0	0	0	15	0	0	0	0	0	0	0	0	0	0	0	0	0	0	0	0	13	0	0	0	0	0	0	0	0	0	0	0	0	0	0	0	0	0	0	0	0	0	0	0	0	0	0	0	0	0	8	0	0	0	0	0	0	0	0	0	0	0	0	0	0	0	0	0	0	0	0	0	0	0	0	0	0	0	0	0	0	0	0	0	0	0	0	0	0	0	0	0	0	0	0	0	0	0	0	0	0	0
42384	75	16824	628	0	1465	5622	0	203	0	1814	899	4215	13	54	121	37	362	0	0	1508	119	103	30	0	0	298	64	0	256	131	370	449	417	89	317	468	128	45	0	0	174	0	146	7	46	415	169	73	94	64	90	0	321	30	235	133	146	240	121	0	94	245	0	146	58	0	231	0	237	0	0	73	151	0	21	0	199	159	10	0	26	18	118	0	0	21	21	0	28	0	0	30	49	281	47	255	132	36	0	49	12	10	70	0	0	0	0	0	0	0	60	0	0	45	0	4	0	80	0	0	46	51	0	0	0	0	98	0	15	0	0	0	0	0	0	0	53	0	24	0	118	0	78	0	14	0	0	112	0	165	29	0	121	0	0	0	0	0	29	0	0	28	0	0	0	0	0	166	0	0	0	27	0	0	0	0	0	0	19	0	93	84	0	26	0	0	22	92	0	0	29	0	0	0	0	16	0	0	0	0	0	0	0	0	0	0	0	0	0	0	4	0	11	33	0	77	0	0	43	0	0	0	0	0	52	0	0	0	0	0	0	0	47	0	0	55	73	90	0	0	0	43	0	0	0	0	0	42	0	0	22	0	0	0	0	0	46	18	15	0	0	0	0	0	0	78	1	0	0	59	0	0	0	0	0	0	22	0	0	0	0	0	98	86	0	0	0	0	54	29	0	0	16	0	0	34	0	0	0	23	0	10	139	0	0	0	0	0	0	0	1	0	0	0	0	0	0	0	0	0	0	0	0	0	0	0	0	0	0	0	0	0	0	17	0	0	0	0	0	25	0	22	0	0	0	0	0	38	0	0	0	21	0	0	0	0	0	4	0	0	67	0	0	0	1	0	0	0	0	0	0	0	0	0	0	0	0	0	0	0	0	0	0	0	0	7	0	0	0	0	0	0	0	158	0	0	0	0	0	0	0	0	0	0	0	84	0	0	0	0	0	0	0	0	0	0	0	0	0	0	0	0	0	0	0	0	0	0	0	0	0	0	0	0	0	0	0	0	0	0	0	0	0	0	0	0	0	0	0	0	0	0	0	0	0	0	0	0	0	0	0	0	48	0	0	109	0	0	0	0	0	0	0	0	0	0	0	0	0	0	0	0	0	0	0	0	0	0	0	42	0	0	0	0	0	0	0	0	0	0	0	0	0	0	0	0	0	0	0	0	0	0	0	0	0	0	0	0	0	0	0	0	0	0	0	0	0	0	0	0	0	46	84	0	0	0	0	0	0	49	0	0	0	0	0	0	78	0	0	0	29	0	0	0	0	0	0	0	0	0	0	0	0	0	0	0	0	0	0	0	0	70	0	0	0	0	0	0	0	0	0	22	0	0	0	0	0	0	0	0	0	0	0	0	0	0	0	0	0	0	0	0	0	0	0	0	0	0	0	0	0	0	0	61	0	0	0	0	0	0	0	0	0	0	0	0	0	0	0	57	0	0	0	0	0	0	0	0	0	0	0	0	0	0	0	0	0	0	54	0	0	0	0	0	0	0	53	0	0	0	0	0	0	0	0	0	0	0	0	0	0	0	0	0	0	0	0	0	0	0	0	48	0	0	0	0	0	0	0	0	0	18	0	0	0	0	0	0	0	0	45	0	0	0	0	0	0	0	0	0	0	0	0	0	0	0	0	0	0	0	0	0	0	0	0	0	0	0	0	0	0	0	0	0	0	0	0	0	0	0	0	0	0	0	0	0	0	0	0	0	0	0	0	0	0	0	0	0	0	0	0	0	0	0	0	0	0	0	0	0	0	0	0	0	0	0	0	0	0	0	0	0	0	0	0	0	0	0	0	24	7	0	0	0	0	0	0	0	0	0	0	28	28	0	0	0	0	0	0	0	0	0	0	0	0	0	0	0	0	0	0	0	0	0	0	0	0	23	0	0	0	0	0	0	0	0	0	0	0	0	0	0	0	0	0	19	0	0	0	0	0	0	0	0	18	18	0	17	0	0	0	0	0	0	0	0	0	0	0	0	0	0	0	0	0	0	0	0	0	0	0	0	0	0	0	0	0	0	0	0	0	0	0	0	0	0	0	0	0	0	0	0	0	0	0	0	0	0	0	0	0	0	0	0	0	0	0	0	0	0	0	0	0	0	0	0	0	0	0	0	0	0	0	0	0	0	0	0	0	0	0	0	0	0	0	0	0	0	0	0	0	0	0	0	0	0	4	0	0	0	0	0	0	0	0	0	0	0	0	0	0	0	0	0	0	0
42385	85	14417	1009	21	2753	8737	0	194	0	1143	1090	3671	19	68	109	331	713	2	0	2251	202	25	115	0	16	566	211	0	355	306	450	296	362	0	132	240	110	277	159	0	107	0	26	60	37	1019	0	58	118	67	150	0	85	18	286	0	41	57	201	0	55	1013	40	308	13	24	258	180	30	0	0	0	90	0	71	0	220	40	14	0	0	19	215	0	13	78	68	0	0	22	0	0	6	81	35	23	152	30	0	0	73	16	192	0	49	0	0	0	14	13	47	0	84	13	0	35	0	51	0	21	50	60	19	0	0	0	120	0	24	0	38	0	0	0	61	0	144	77	0	15	0	0	2	22	6	0	5	39	85	54	0	0	11	0	0	0	0	0	13	0	5	0	0	0	0	0	0	0	0	0	0	69	0	0	0	0	0	0	0	0	91	62	0	8	0	0	8	0	0	0	61	0	0	0	0	0	0	0	0	0	0	0	78	0	0	9	0	0	0	31	0	0	0	0	0	0	0	0	0	82	0	0	0	26	0	0	0	0	0	121	0	0	34	0	0	0	0	0	0	0	0	53	0	0	0	0	0	92	0	0	46	0	0	0	0	0	0	0	19	0	69	0	3	0	0	73	10	0	0	0	0	0	0	0	0	0	0	0	0	0	0	25	0	25	0	0	0	0	98	236	0	0	0	0	0	0	0	0	0	7	84	39	0	0	57	26	0	0	0	0	6	0	0	0	0	0	0	26	0	0	0	60	0	0	4	0	0	0	0	66	47	0	11	40	0	0	0	0	0	0	0	48	0	0	0	0	0	12	0	0	0	0	0	0	0	0	0	0	0	0	0	0	0	0	1	184	0	0	0	0	0	0	0	0	0	0	0	0	0	0	0	4	0	0	0	7	0	0	0	0	0	0	0	0	0	0	0	0	0	0	0	0	0	0	0	0	0	0	12	0	0	0	0	0	0	0	0	0	0	0	0	0	0	0	0	0	0	0	0	0	0	0	0	0	0	0	0	0	0	0	15	0	0	0	0	0	0	0	0	0	0	0	0	0	0	0	0	0	0	0	0	0	0	0	0	0	0	0	0	0	0	0	0	0	0	0	0	0	0	0	0	0	0	0	0	0	0	0	0	11	0	0	0	0	0	0	0	0	0	0	0	0	0	0	0	0	0	0	0	0	0	0	0	0	0	0	0	0	0	0	0	0	0	0	0	0	0	0	0	0	0	0	0	0	0	0	0	0	0	0	13	0	0	0	0	0	0	0	0	0	0	0	0	0	0	0	0	0	0	0	0	0	0	0	0	0	0	0	0	0	0	0	0	0	0	0	0	0	0	0	0	0	0	0	0	67	0	0	0	0	0	0	0	0	20	0	0	64	64	0	0	0	0	0	0	0	0	0	0	0	0	0	0	0	52	0	0	17	59	0	0	0	0	0	0	0	0	0	0	0	0	0	0	0	0	0	0	0	0	0	0	0	0	0	0	0	0	0	0	2	0	0	0	0	0	0	0	0	0	0	0	0	0	0	0	0	51	0	0	0	0	0	0	0	11	0	0	0	0	0	0	0	48	0	0	0	0	0	0	0	0	7	0	46	0	0	0	0	0	0	0	45	0	0	0	0	0	0	0	0	0	0	0	0	0	0	0	0	0	0	0	0	0	0	0	0	0	0	0	0	0	40	0	0	0	0	39	0	0	0	0	0	0	0	0	0	0	0	0	0	0	0	0	0	0	35	0	0	0	0	0	0	12	0	0	0	0	0	0	0	33	0	0	0	0	0	0	0	0	0	0	0	0	0	31	31	0	0	9	0	0	0	0	0	0	0	0	0	0	0	0	0	0	28	0	0	0	0	0	27	0	0	0	0	0	0	0	0	0	0	0	0	0	0	0	0	0	0	0	0	0	0	0	0	0	0	0	0	21	21	0	0	0	0	0	0	19	0	0	0	0	0	0	0	0	0	0	0	0	0	0	0	0	0	0	0	0	0	0	0	0	0	0	0	0	0	0	0	15	0	0	0	0	0	0	0	0	0	0	0	0	0	0	0	0	0	0	0	0	0	0	0	0	0	0	0	0	0	0	0	11	0	0	0	0	0	0	0	0	0	9	0	0	0	0	0	0	0	0	0	0	0	0	0	0	0	0	0	0	0	0	0	6	0	0	0	0	0	0	0	0	0	0	0	0	0	0	0	0	0	0	3	0	0	0	0	0	0	0	0	0	0	0	0	0	0
42386	210	133	557	978	752	2075	0	6031	0	2308	769	40	48	2376	1112	1160	170	264	0	512	159	431	132	616	498	268	702	0	240	146	39	575	380	0	396	231	420	105	225	126	115	0	716	127	173	644	170	68	47	0	32	447	1536	348	679	69	0	327	653	0	0	412	0	187	113	52	221	57	0	0	0	0	43	0	0	0	104	83	18	0	0	265	327	0	0	0	123	103	334	0	83	50	110	332	173	253	128	0	0	0	234	77	0	226	113	0	222	0	0	63	192	0	65	0	0	7	0	31	0	68	115	0	67	0	0	0	0	0	197	0	0	0	0	0	0	0	65	92	49	17	0	0	0	29	0	0	31	211	203	0	0	0	0	0	0	0	0	0	0	126	0	0	0	174	0	207	0	0	0	0	0	300	0	0	0	0	0	201	0	0	7	81	0	0	0	0	174	21	0	102	0	0	31	0	0	0	160	216	0	0	0	0	0	0	0	26	39	0	0	0	36	0	0	0	0	352	0	0	57	0	0	0	0	0	0	0	0	0	0	0	0	0	71	0	150	0	0	0	0	0	0	0	0	0	0	0	215	0	0	0	0	0	0	0	0	0	0	0	0	0	0	0	37	0	0	0	2	0	0	0	0	0	0	0	0	0	0	0	0	0	0	0	168	0	0	0	0	0	0	0	0	0	0	0	0	0	0	0	0	0	138	105	0	0	0	13	0	0	0	0	0	0	0	33	0	0	0	214	248	0	159	0	0	0	0	0	0	0	0	0	0	0	0	32	0	0	0	0	95	0	0	0	0	0	0	0	0	60	0	0	0	0	0	0	0	0	0	0	0	0	0	25	0	0	0	0	0	0	0	0	0	0	0	0	0	0	0	175	0	0	0	0	0	0	0	44	0	0	0	0	0	145	0	0	0	0	0	0	0	154	0	0	0	0	0	0	0	0	0	0	0	0	0	0	0	0	0	126	0	0	0	137	136	0	0	0	0	0	0	0	0	0	0	0	0	0	0	125	123	122	0	121	0	0	0	0	0	0	0	0	0	0	0	0	0	0	0	0	0	0	0	0	0	0	0	0	0	0	0	0	0	0	0	0	0	0	0	0	0	0	0	0	0	0	0	0	0	0	0	18	98	0	0	0	0	0	0	0	0	0	0	0	0	0	0	0	0	0	0	0	0	0	0	14	90	0	0	0	0	0	0	0	0	0	0	0	0	0	85	0	0	0	0	0	83	0	0	0	0	0	0	0	0	0	0	0	0	0	0	0	0	0	0	0	0	0	0	0	0	0	0	0	0	0	0	0	0	0	0	0	0	0	0	0	0	0	0	0	0	0	0	0	0	0	0	0	0	0	0	0	0	66	0	0	0	0	0	0	0	64	64	0	0	0	0	0	0	0	0	0	0	0	0	0	0	0	0	0	0	0	0	0	0	0	0	0	0	0	0	0	57	0	0	0	0	0	0	0	0	0	0	0	0	0	0	0	0	0	0	0	0	0	0	0	0	0	0	53	0	0	0	52	0	0	0	0	0	51	0	0	0	0	0	0	0	0	0	0	0	0	0	0	0	48	0	0	0	0	47	0	0	0	0	0	0	0	0	0	0	0	0	0	0	0	0	0	44	0	0	0	0	0	0	0	19	0	0	0	42	0	0	0	0	0	0	0	0	0	0	0	0	0	0	0	0	0	0	0	0	0	0	0	0	0	38	0	0	0	0	0	0	0	0	0	0	0	0	0	0	0	0	0	0	0	0	0	0	0	0	0	0	0	0	0	0	0	0	0	0	0	0	0	0	0	0	0	0	0	0	0	0	0	0	0	0	0	0	0	0	0	0	0	0	0	0	0	0	0	0	0	0	0	0	0	0	0	0	0	0	0	0	0	0	0	0	0	0	0	0	0	0	0	0	0	0	0	0	0	0	0	0	0	0	0	0	0	0	0	0	0	0	0	0	0	0	0	0	0	0	0	0	0	0	0	0	0	0	0	0	0	0	0	0	0	0	0	0	0	0	0	0	0	0	0	0	0	0	0	0	0	0	0	0	0	0	0	0	0	0	0	0	0	0	0	0	0	0	0	0	0	0	0	0	0	0	0	0	0	0	0	0	0	0	0	0	0	0	0	0	0	0	0	0	0	0	0	0	0	0	0	0	0	0	0	0	0	0	0	0	0	0	0	0	0	0	0	0	0	0	0	0	0	0	0	0	0	0	0	0	0	0	0	0	0	0	0
42387	0	0	0	729	1609	774	0	1539	0	1891	476	0	0	4527	160	4830	374	155	0	160	0	412	0	268	699	515	165	0	187	328	208	493	911	180	309	149	421	0	175	0	0	0	256	55	0	1424	0	148	0	0	0	0	497	0	457	131	0	0	480	0	0	268	188	0	0	0	0	387	0	0	0	0	0	0	273	0	388	0	0	0	118	343	0	0	13	265	0	0	41	102	0	0	0	243	19	181	463	0	0	249	0	0	396	0	0	0	538	0	0	0	0	0	0	604	0	76	0	0	0	43	0	0	0	0	14	0	0	0	57	0	0	0	73	0	0	0	0	311	0	0	0	0	0	0	5	0	0	0	0	0	0	0	99	0	0	274	0	66	262	19	0	0	0	0	0	208	0	0	0	0	0	0	0	0	0	0	0	195	0	0	0	0	0	0	213	0	46	0	0	0	411	0	0	0	0	0	0	0	0	0	0	0	0	0	0	0	0	0	0	0	0	0	0	0	194	0	0	0	116	0	0	0	0	0	0	313	0	0	0	0	0	385	0	0	205	0	0	0	0	0	0	0	0	0	0	0	0	0	0	0	0	0	0	0	0	0	0	0	0	0	0	0	34	0	0	0	99	0	0	0	0	343	0	0	0	0	0	324	0	0	0	0	0	0	0	0	0	0	0	0	0	0	0	0	0	109	0	0	0	0	0	0	0	0	0	0	0	0	0	0	0	262	0	0	0	0	0	0	0	0	0	0	0	0	0	0	0	0	0	0	0	0	0	0	0	0	0	0	0	0	0	0	0	0	0	0	0	0	0	210	0	0	0	0	0	0	0	0	0	0	0	8	0	0	2	0	0	0	0	0	0	0	0	0	0	0	0	0	0	91	0	0	0	0	0	11	0	0	0	0	0	0	0	0	0	157	0	0	0	0	0	0	0	0	0	0	149	0	0	0	0	0	0	0	143	0	0	0	0	0	0	0	0	0	0	0	0	0	0	0	0	0	0	0	0	0	0	0	0	0	0	0	0	0	0	0	0	0	0	0	0	0	0	0	0	0	0	0	0	0	0	0	0	0	0	0	0	0	0	0	0	0	0	0	0	0	105	0	0	0	0	0	0	0	0	0	0	0	0	0	0	0	0	0	0	0	0	0	0	0	0	0	0	0	0	0	0	0	0	0	0	0	0	0	0	90	0	0	0	0	0	0	0	87	0	0	0	0	0	0	0	0	0	0	0	0	0	0	0	0	0	0	0	0	0	0	0	0	0	0	0	0	0	0	0	0	0	0	0	0	0	0	0	0	0	0	0	0	0	0	0	0	0	0	0	0	0	0	0	0	0	0	0	0	0	0	0	0	0	0	0	0	0	0	0	0	0	0	0	0	0	0	0	0	0	0	0	0	0	0	0	0	0	0	0	0	0	0	0	0	0	0	0	0	0	0	0	0	0	0	0	0	0	0	0	0	0	0	0	0	0	0	0	0	0	0	0	0	0	0	0	0	0	0	0	0	0	0	0	0	0	0	0	0	0	0	0	0	0	0	0	0	0	0	0	0	0	0	0	0	0	0	0	0	48	0	0	0	0	0	0	0	0	0	0	0	0	0	0	0	0	0	0	0	0	0	0	0	0	0	0	0	0	0	0	0	0	0	0	0	0	0	0	0	0	0	0	0	0	0	0	0	0	0	0	0	0	0	0	0	0	0	0	0	0	0	0	0	0	0	0	0	0	0	0	0	0	0	0	0	0	0	0	0	0	0	0	0	0	0	0	0	0	0	0	0	0	0	0	0	0	0	0	0	0	0	0	0	0	0	0	0	0	0	0	0	0	0	0	0	0	0	0	0	0	0	0	0	0	0	0	0	0	0	0	0	0	0	0	0	0	0	0	0	0	0	0	0	0	0	0	0	0	0	0	0	0	0	0	0	0	0	0	0	0	0	0	0	0	0	0	0	0	0	0	0	0	0	0	0	0	0	0	0	0	0	0	0	0	0	0	0	0	0	0	0	0	0	0	0	0	0	0	0	0	0	0	0	0	0	0	0	0	0	0	0	0	0	0	0	0	0	0	0	0	0	0	0	0	0	0	0	0	0	0	0	0	0	0	0	0	0	0	0	0	0	0	0	0	0	0	0	0	0	0	0	0	0	0	0	0	0	0	0	0	0	0	0	0	0	0	0	0	0	0	0	0	0	0	0	0	0	0	0	0	0	0	0	0	0	0	0	0	0	0	0
42388	121	249	256	1163	833	1819	0	596	0	2404	736	58	18	5948	621	807	194	317	0	461	250	39	26	362	157	390	0	0	228	1521	55	543	428	75	383	304	72	0	195	0	124	0	243	363	0	286	0	168	46	49	55	722	98	250	517	98	261	432	269	0	0	616	49	337	47	63	92	504	0	0	0	0	109	0	163	0	443	0	0	51	0	5	65	0	0	64	72	71	40	30	0	54	39	203	25	271	84	0	0	0	0	23	157	54	114	0	352	0	0	0	81	0	0	45	0	0	0	82	0	0	56	0	22	0	0	0	0	0	71	0	0	0	87	0	83	0	60	129	0	7	0	0	0	16	0	0	5	45	0	0	121	0	37	0	0	125	0	0	100	0	0	0	0	147	0	10	0	314	0	0	0	3	0	0	0	0	0	98	0	97	14	91	0	46	0	0	35	0	0	0	16	0	210	0	0	181	0	0	0	0	0	0	84	0	0	127	0	0	0	0	0	0	0	0	0	0	0	0	37	0	0	0	0	0	0	160	0	28	0	0	59	0	0	0	0	46	0	51	0	0	0	193	0	0	2	0	0	0	0	0	0	0	0	0	0	0	0	0	0	50	0	0	8	0	0	0	0	54	0	0	54	0	0	0	0	0	96	0	0	0	0	0	0	40	0	0	0	0	0	37	0	0	0	0	0	8	0	0	0	0	37	0	0	0	0	19	0	49	0	0	0	0	0	0	0	0	0	9	0	0	0	18	0	0	10	0	0	0	0	0	0	0	0	0	102	71	18	0	120	0	159	154	0	0	0	0	0	61	0	0	0	0	0	0	0	0	0	33	0	0	0	0	11	0	0	0	0	0	0	0	0	0	0	0	0	0	0	0	0	32	173	0	0	0	0	7	0	0	0	0	0	0	0	0	0	0	0	0	0	0	0	0	0	0	0	0	0	0	0	0	0	0	0	54	0	0	0	0	0	0	0	0	0	0	0	0	0	0	0	0	0	0	0	0	0	0	0	0	0	0	0	0	0	0	0	120	0	0	0	0	0	115	0	0	0	0	0	0	0	0	0	0	0	0	0	0	109	0	0	0	0	0	0	0	0	0	0	0	0	0	0	0	0	0	0	0	0	0	0	0	0	0	0	0	0	0	0	0	0	94	0	0	0	24	93	0	0	0	0	0	0	0	0	0	0	0	0	0	0	0	0	0	0	0	0	0	0	0	0	6	0	0	0	0	0	0	0	0	0	0	0	0	0	0	0	0	0	0	0	77	0	76	0	0	0	0	0	0	0	0	0	0	0	0	0	0	0	0	0	0	0	0	70	0	0	0	0	0	0	0	0	0	0	0	0	0	0	0	0	0	0	0	0	0	0	0	0	0	0	0	0	0	0	63	0	0	0	0	0	0	0	0	0	0	0	0	0	13	0	0	0	0	0	58	0	0	0	0	0	0	0	0	56	0	0	0	0	0	0	0	55	0	0	0	0	0	0	0	0	5	0	0	0	0	0	0	0	0	0	0	0	0	52	0	0	0	0	0	0	0	0	50	0	0	0	0	49	0	0	0	0	0	0	0	0	0	0	0	0	47	10	0	0	0	0	0	0	0	0	0	0	0	0	0	0	0	0	0	0	0	0	0	0	0	0	0	0	0	0	0	0	0	0	0	0	41	0	0	0	0	0	0	0	0	0	0	0	0	0	0	0	0	0	0	0	0	0	0	0	0	0	0	0	0	0	0	0	0	0	0	0	0	0	0	0	0	0	0	0	0	0	0	0	0	0	0	0	0	0	0	0	0	0	0	0	0	0	0	0	0	0	0	0	0	0	0	0	0	0	0	0	0	0	0	0	0	0	0	0	0	0	0	0	0	0	0	0	0	0	0	0	0	0	0	0	0	0	0	0	0	0	0	0	0	0	0	0	0	0	0	21	0	0	20	0	0	0	0	0	0	0	0	0	0	0	0	0	0	0	0	0	0	0	0	0	0	0	0	16	0	0	0	0	0	0	0	0	0	0	0	0	0	0	0	0	0	0	14	14	0	0	0	0	0	0	13	0	0	0	0	0	0	0	0	0	0	0	0	0	0	0	0	0	0	0	0	0	0	0	0	0	0	0	0	0	0	0	0	0	0	0	0	0	0	0	0	0	0	0	0	0	0	0	0	0	0	0	0	0	0	0	0	0	0	0	0	0	0	0	0	0	0	0	0	0	0	0	0	0	0	0	0	0	0	0	0
46270	10780	0	148	3310	4384	0	0	6092	92	440	236	0	2093	711	1221	2202	839	628	0	0	131	1857	49	2974	684	0	1056	171	246	24	0	75	91	611	142	89	397	79	240	276	108	0	338	408	212	96	0	83	60	527	0	0	82	738	0	167	15	0	184	0	523	0	0	0	647	162	0	0	31	92	0	0	112	270	157	0	87	218	540	0	0	191	228	0	0	74	276	95	298	0	0	276	28	28	438	0	0	67	275	0	0	0	151	10	30	0	102	0	56	0	130	109	0	297	0	47	263	0	83	0	0	0	42	0	214	0	46	0	4	0	0	0	127	0	0	0	0	0	0	4	0	0	0	0	0	0	0	0	244	162	280	78	0	0	0	0	58	150	0	0	15	0	0	0	0	0	0	0	0	0	62	0	59	0	0	0	0	103	0	0	0	0	0	0	0	0	0	94	0	0	0	552	0	250	0	0	0	0	0	0	126	0	0	0	0	0	0	51	0	0	0	0	0	0	0	0	0	0	0	0	0	0	0	183	0	0	147	0	0	0	0	0	0	0	0	0	0	0	0	0	0	0	0	379	0	392	0	0	0	0	0	0	95	83	0	258	0	0	0	0	0	0	37	191	354	0	0	206	176	0	0	0	0	0	0	0	0	0	0	24	0	0	0	0	0	60	0	0	0	0	0	0	0	0	0	0	0	0	286	0	0	0	0	0	0	0	0	0	195	0	0	0	0	0	0	0	0	0	0	0	0	0	0	0	62	0	0	132	0	0	0	0	0	0	0	0	0	0	0	0	0	0	0	0	0	0	0	0	0	0	0	0	105	0	0	0	0	0	0	0	0	0	0	0	2	0	0	0	0	0	0	0	0	0	0	0	0	0	0	0	0	0	0	98	115	0	124	0	0	0	0	0	159	0	0	0	0	0	0	0	0	0	0	0	0	0	0	0	0	0	0	0	0	0	0	0	0	0	0	0	0	0	0	0	135	0	0	0	0	0	0	0	0	0	0	0	0	0	0	0	0	0	0	0	0	0	0	77	0	0	0	0	0	0	0	113	0	0	0	0	0	0	0	0	0	0	0	0	0	108	0	0	0	0	0	89	0	0	0	0	0	0	0	0	0	101	0	0	0	0	0	0	0	0	0	0	0	0	0	0	0	0	0	0	0	0	0	0	0	0	0	0	0	0	0	0	0	0	0	0	0	0	0	0	0	0	0	0	0	0	0	0	0	0	0	83	0	0	0	0	0	0	0	0	0	0	0	0	0	0	0	0	0	0	0	0	0	0	0	0	0	0	0	0	0	71	0	0	0	0	0	0	0	0	0	0	0	0	0	0	0	0	0	0	0	0	0	0	0	0	0	0	0	0	0	0	0	0	0	0	0	0	0	0	0	0	0	0	0	0	0	0	0	0	0	0	0	0	0	59	0	0	0	0	0	0	0	0	0	0	0	0	0	56	0	0	0	0	0	0	0	0	0	0	0	0	0	0	0	10	0	0	0	0	48	0	0	0	53	0	0	0	0	0	0	0	0	0	0	0	0	0	50	0	0	0	0	0	0	0	0	0	0	0	0	0	0	0	0	0	0	0	0	0	46	0	0	0	0	0	0	0	0	0	0	0	0	0	0	0	0	0	0	0	0	0	0	0	0	0	0	0	0	0	0	0	0	0	0	0	0	0	0	0	0	0	0	0	0	0	0	0	0	0	0	0	0	0	0	0	0	0	0	0	0	0	0	0	0	0	0	0	0	0	0	0	0	0	0	0	0	0	0	0	0	0	0	0	0	0	0	0	0	0	0	0	0	0	0	0	0	30	0	0	0	0	0	0	0	0	0	0	0	0	0	0	0	0	0	0	0	0	0	0	0	0	0	0	0	0	0	0	0	0	0	0	0	0	0	0	0	0	0	0	0	0	0	0	0	0	0	0	0	0	0	0	0	0	0	0	0	0	0	0	0	0	0	0	0	0	0	0	0	0	0	0	0	0	0	0	0	0	0	0	0	0	0	0	0	0	0	0	0	0	0	0	0	0	0	0	0	0	0	0	0	0	0	0	0	0	0	0	0	0	0	0	0	0	0	0	0	11	0	0	0	0	0	0	0	0	0	0	0	0	0	0	0	0	0	0	0	0	0	0	0	0	0	0	0	0	0	0	0	0	0	5	0	0	0	0	0	0	0	0	0	0	0	0	0	0	0	0	0	0	0	0	0	0	0	0	0	0	0	0	0	0
46271	4792	0	2236	0	5003	0	0	3034	573	1050	77	0	952	0	1152	0	923	0	0	0	754	838	186	0	336	539	0	2173	420	289	0	229	515	256	944	42	717	560	197	960	0	0	518	524	306	0	197	0	1063	1201	686	1059	163	263	775	285	0	379	875	0	394	0	0	0	352	2200	0	0	235	823	0	0	175	312	0	0	0	0	28	791	923	245	0	0	0	0	0	0	150	151	0	0	0	0	552	0	0	650	0	182	0	0	0	342	0	0	0	0	465	0	0	653	433	0	0	668	0	358	234	0	0	182	0	0	0	456	0	0	29	0	0	0	0	0	0	762	0	0	0	22	0	0	0	0	19	461	25	0	0	0	0	0	0	51	174	0	0	0	0	0	0	0	144	0	0	0	0	0	0	491	161	0	0	0	130	604	446	0	0	0	0	0	0	0	0	0	0	0	432	281	0	0	0	0	69	0	0	0	0	0	0	0	0	0	0	0	0	0	0	264	0	410	0	115	0	0	0	0	0	0	19	0	0	0	0	0	0	0	0	0	0	0	0	165	0	0	0	0	0	145	0	0	0	0	0	0	0	0	398	0	0	72	0	0	0	0	0	0	0	0	0	92	0	0	0	0	72	0	0	0	0	0	0	0	0	0	0	0	321	0	0	149	0	0	309	0	0	303	0	0	0	299	202	294	0	0	0	0	0	0	0	0	0	0	0	54	270	0	0	0	0	0	0	0	0	0	0	0	0	0	0	0	0	0	15	0	0	0	0	0	0	0	0	0	0	0	127	0	0	0	0	0	0	0	0	0	0	0	0	0	0	0	0	0	0	0	0	0	63	0	0	0	0	0	0	0	0	0	0	0	0	0	0	0	0	0	0	0	0	0	0	0	0	0	0	0	0	0	0	0	160	0	0	0	0	0	157	0	0	0	0	0	0	0	0	0	0	0	0	0	0	0	0	0	0	0	0	0	0	139	0	0	0	0	0	0	0	0	0	0	47	0	0	0	0	0	0	0	0	0	0	0	121	0	0	0	0	0	0	0	0	0	0	0	0	0	0	0	0	0	0	0	0	0	0	0	0	0	0	0	93	0	0	0	0	0	0	0	104	0	0	0	0	0	0	0	0	0	99	0	0	0	0	0	0	0	0	0	0	0	0	0	0	0	0	0	0	0	0	0	0	0	0	0	0	0	0	61	0	0	0	0	0	0	0	0	0	0	0	0	0	0	0	0	0	0	0	0	0	0	0	0	0	0	0	0	0	0	0	0	0	0	0	0	0	0	0	0	0	0	0	72	0	0	0	0	0	0	0	0	0	0	0	0	0	0	0	0	0	0	0	0	0	0	0	0	0	0	0	0	0	0	0	0	0	0	0	0	0	0	0	0	0	0	0	0	0	0	0	0	0	0	0	0	0	0	0	0	0	0	0	0	0	0	0	0	0	0	0	0	0	0	0	0	0	0	0	0	0	0	0	0	0	0	0	0	0	0	0	1	0	0	0	0	0	0	0	0	0	0	0	0	0	0	0	0	0	0	0	0	0	0	0	0	0	0	0	0	0	0	0	0	0	0	0	0	0	0	0	0	0	0	0	0	0	0	0	0	0	0	0	0	0	0	0	0	0	0	0	0	0	0	0	0	0	0	0	0	0	0	0	0	0	0	0	0	0	0	0	0	0	0	0	0	0	0	0	0	0	0	0	0	0	0	0	0	0	0	0	0	0	0	0	0	0	0	0	0	0	0	0	0	0	0	0	0	0	0	0	0	0	0	0	0	0	0	0	0	0	0	0	0	0	0	0	0	0	0	0	0	0	0	0	0	0	0	0	0	0	0	0	0	0	0	0	0	0	0	0	0	0	0	0	0	0	0	0	0	0	0	0	0	0	0	0	0	0	0	0	0	0	0	0	0	0	0	0	0	0	0	0	0	0	0	0	0	0	0	0	0	0	0	0	0	0	0	0	0	0	0	0	0	0	0	0	0	0	0	0	0	0	0	0	0	0	0	0	0	0	0	0	0	0	0	0	0	0	0	0	0	0	0	0	0	0	0	0	0	0	12	0	0	0	0	0	0	0	0	0	0	0	0	0	0	0	0	0	0	0	0	0	0	0	0	0	0	0	0	0	0	0	0	0	0	0	0	0	0	0	0	0	0	0	0	0	0	0	0	0	0	0	0	0	0	0	0	0	0	0	0	0	0	0	0	0	0	0	0	0	0	0	0	0	0	0	0
46272	1573	0	1168	0	1895	0	0	415	256	1678	100	0	316	0	316	57	346	0	0	0	2042	93	28	0	40	393	13	638	1306	444	0	354	557	250	159	250	410	318	1213	213	490	0	40	182	441	0	349	0	843	508	1610	3	130	910	0	330	971	709	648	0	126	0	0	355	199	790	153	0	238	283	0	286	475	153	0	0	71	331	87	47	241	77	23	0	0	574	100	361	60	74	24	0	0	0	35	198	149	0	0	0	0	221	38	155	19	0	0	0	315	135	0	110	130	15	0	86	0	92	137	0	0	291	0	0	0	98	18	11	46	0	18	0	0	0	264	74	0	0	142	8	0	127	127	0	12	138	9	44	0	0	0	0	0	15	0	16	25	0	0	50	0	6	36	0	0	0	29	0	0	191	103	80	0	0	270	5	38	0	13	0	0	0	0	0	22	580	0	154	0	0	0	0	18	0	10	0	0	0	37	0	84	0	0	113	57	44	68	0	0	15	0	0	117	57	0	0	0	0	0	0	0	362	118	51	0	0	0	0	0	30	0	0	0	0	0	88	0	0	0	142	0	0	39	0	43	0	0	0	0	38	115	50	0	0	0	0	0	0	16	135	0	219	15	32	0	30	18	0	0	210	0	0	36	0	0	0	0	0	0	0	0	29	0	0	0	0	0	0	0	0	0	0	24	0	0	0	0	46	0	13	0	0	82	0	0	11	0	96	0	0	0	0	0	48	41	0	0	0	0	0	0	0	0	0	10	0	0	0	47	0	0	0	65	0	37	0	0	0	0	41	0	0	0	82	0	0	0	0	0	0	0	0	0	0	0	0	0	0	0	0	0	6	0	0	4	0	184	0	0	0	0	0	73	0	0	0	0	0	0	0	0	0	59	62	0	0	0	68	0	0	0	0	0	0	0	0	0	0	0	0	154	55	0	152	0	0	0	0	0	17	0	0	0	0	0	0	0	0	8	0	139	0	0	0	0	0	0	12	0	0	0	0	129	127	0	0	0	0	0	0	0	0	0	0	0	0	0	34	0	36	0	0	0	0	0	0	0	0	0	0	0	0	0	0	0	0	0	0	0	0	0	0	0	0	0	0	0	0	0	104	104	0	0	0	0	0	0	0	0	23	0	0	0	0	0	0	0	0	0	0	94	0	0	0	0	93	0	0	0	0	0	0	0	0	0	0	0	28	0	0	0	0	0	0	0	0	0	0	0	0	0	0	0	0	0	0	0	0	0	0	0	0	0	0	0	0	0	78	0	0	0	0	0	0	0	0	0	0	0	0	0	0	0	0	0	0	71	0	0	0	0	0	0	0	0	0	0	68	0	0	0	0	0	0	0	0	0	0	0	0	0	0	0	0	0	25	0	0	0	0	0	0	0	0	63	0	0	0	0	0	0	0	0	0	0	0	0	0	0	0	0	0	0	0	0	0	0	0	0	0	0	0	0	0	56	0	0	0	0	0	0	55	0	0	0	0	0	0	0	0	0	0	0	0	0	0	0	0	0	53	0	0	0	0	0	0	0	0	51	0	0	0	0	0	15	0	0	0	0	0	0	0	0	0	0	0	0	0	0	0	19	0	0	0	0	0	0	0	0	0	0	0	0	0	0	0	0	0	0	0	0	0	0	0	0	0	0	0	0	42	0	0	0	0	0	0	0	0	0	0	0	0	0	0	0	0	0	39	0	0	0	0	0	0	0	0	0	0	0	0	0	0	0	0	0	0	35	35	0	0	0	0	0	0	0	0	0	0	0	0	0	0	0	0	0	0	0	0	0	0	0	0	0	0	0	0	25	0	0	0	0	0	0	0	0	0	29	0	0	0	11	0	0	0	0	0	0	0	0	0	0	0	0	0	0	0	0	0	0	0	0	0	0	0	0	0	0	0	0	0	0	0	0	0	0	0	0	0	0	0	0	21	0	0	0	0	0	19	19	0	0	0	0	0	0	0	0	0	0	0	0	0	0	0	0	0	0	0	0	0	0	0	0	0	0	0	0	0	0	15	15	0	0	0	0	0	0	0	0	0	0	0	0	0	0	0	0	0	0	0	0	0	0	0	0	0	0	0	0	0	0	0	11	0	0	10	0	0	0	0	0	0	0	0	0	8	0	0	0	0	0	0	0	0	0	0	0	0	0	0	0	0	0	0	0	0	0	0	0	0	0	0	0	0	0	0	0	0	0	0	0	0	0	0	0	0	0	0	0	0	0	0	0	0	0	0
46273	10673	0	0	71	6749	16	0	3745	0	41	154	0	2098	274	736	379	1362	17	0	6	86	614	0	120	135	21	492	50	35	0	3283	7	86	633	141	0	160	940	5	35	20	0	38	177	85	110	41	1016	31	21	0	0	83	0	0	0	17	11	0	0	24	602	1586	0	10	16	0	504	0	51	0	0	0	42	45	2976	83	0	83	21	37	11	31	0	1088	0	29	85	122	0	0	77	0	0	98	0	0	52	24	0	0	0	28	0	61	0	123	0	0	45	63	12	0	104	0	16	0	0	13	614	0	5	9	0	176	0	0	0	15	0	28	0	0	0	0	0	0	0	0	0	0	32	39	0	3	0	0	67	119	0	226	65	0	0	0	0	23	0	0	0	0	0	0	0	0	0	0	0	0	0	0	0	332	0	0	0	26	0	0	0	0	0	0	10	0	0	0	0	0	0	0	0	0	0	0	0	0	0	0	0	0	0	26	0	0	0	0	93	0	0	0	0	0	0	0	0	0	0	0	45	0	0	0	0	128	0	52	251	72	0	77	0	49	0	0	6	0	0	0	0	0	0	10	0	48	0	0	0	0	7	0	0	0	0	0	0	0	0	4	0	27	14	7	0	0	0	0	0	154	0	0	0	0	0	0	0	0	0	0	50	319	0	0	11	0	21	0	0	64	0	0	0	0	0	78	32	0	0	0	0	0	0	0	0	0	0	0	0	0	0	0	0	0	0	0	135	0	0	0	0	52	0	0	0	0	0	10	0	0	0	0	0	0	8	0	0	0	0	0	0	0	0	0	0	0	0	0	0	0	0	0	0	0	0	0	0	0	0	0	0	0	0	8	0	0	0	0	0	0	0	0	0	0	0	0	0	0	0	0	0	0	0	0	0	0	0	0	0	0	0	0	0	0	0	0	0	0	0	0	0	0	0	0	0	151	0	0	0	0	0	0	0	0	0	0	0	0	0	14	0	0	0	0	0	0	0	0	0	0	0	0	0	0	0	0	0	0	0	0	0	8	0	0	0	0	0	0	0	0	12	0	0	0	0	0	0	0	0	0	0	0	0	0	0	0	0	0	0	0	0	0	0	0	0	0	0	0	0	0	0	0	0	0	0	0	0	35	0	0	0	0	0	0	0	0	0	0	0	0	0	0	0	0	0	0	0	0	0	0	0	0	0	0	0	0	0	0	0	0	0	0	0	0	0	0	0	86	0	0	0	0	0	0	0	0	0	0	0	0	0	41	0	0	0	0	0	0	0	0	0	0	0	0	0	0	0	0	0	0	0	0	0	0	0	0	0	0	0	0	0	0	0	0	0	0	69	0	0	0	0	0	0	0	0	0	0	0	0	0	0	0	0	0	0	0	0	0	0	0	0	0	0	0	0	0	0	0	0	0	0	0	0	0	0	0	0	0	0	0	0	0	0	0	0	0	0	0	0	0	0	0	0	0	0	0	0	0	0	0	0	0	0	0	0	0	0	0	0	0	0	0	0	0	0	0	0	0	0	0	0	0	0	0	0	0	0	0	0	0	0	0	0	0	50	0	0	0	0	0	0	0	0	0	0	0	0	0	0	0	0	0	0	0	0	0	46	0	0	0	0	0	0	45	0	0	0	0	0	0	0	0	0	0	0	0	0	0	0	0	0	0	0	0	0	0	0	0	0	0	0	0	0	0	0	0	0	0	0	39	0	0	0	0	0	0	0	0	0	0	0	0	6	0	0	0	0	0	0	0	0	0	0	0	0	0	0	0	0	0	0	0	0	0	0	0	0	0	0	0	0	0	0	0	0	0	0	0	0	0	0	17	0	0	0	0	0	0	0	0	0	1	0	0	0	0	0	0	0	0	0	0	0	0	0	0	0	0	0	0	0	0	0	24	0	0	0	0	0	0	0	0	0	0	0	0	0	0	0	0	0	0	0	0	0	0	0	0	0	0	0	0	0	0	0	0	0	0	0	0	0	0	0	0	0	0	0	0	0	0	0	0	0	0	0	0	0	0	0	0	0	0	0	0	0	0	0	0	0	0	0	0	0	0	0	0	0	13	0	0	0	0	0	0	0	0	0	0	0	0	0	0	0	0	0	0	0	0	0	0	0	0	0	0	0	0	0	0	0	0	0	0	0	0	0	0	0	7	0	0	0	0	0	0	0	0	0	0	0	0	0	0	0	0	0	0	0	0	0	0	0	0	0	0	0	0	0	0	0	0	0	0	0	0	0	0	0
46276	610	0	1301	12163	2243	0	0	2366	11	1369	0	0	101	3414	136	281	437	2315	0	0	502	1489	46	1600	63	0	696	225	133	26	0	289	23	368	131	39	231	321	27	0	155	0	347	627	446	0	142	168	287	377	0	749	41	30	0	111	0	0	130	0	160	0	0	0	354	66	119	206	98	36	0	134	105	193	130	0	0	0	410	141	186	130	0	0	0	260	81	0	91	135	0	42	0	20	138	0	0	0	355	513	149	0	0	137	130	0	0	0	0	21	187	15	210	32	0	31	138	0	0	0	91	0	0	0	523	665	0	0	38	0	0	0	241	462	0	0	136	0	227	5	0	73	0	0	36	0	4	116	0	0	0	162	0	86	0	0	219	0	0	0	0	0	0	10	0	88	0	0	0	0	122	0	0	0	172	0	0	0	0	0	0	0	0	0	0	0	0	0	0	0	0	0	52	0	0	0	0	0	0	415	0	0	0	56	0	0	0	27	0	0	95	0	74	104	0	0	0	82	0	0	105	0	131	0	0	0	0	0	0	0	0	0	0	95	0	0	135	0	0	0	0	0	0	0	0	0	0	0	0	0	0	0	69	0	0	0	97	0	0	90	0	0	0	0	0	0	0	0	0	0	0	0	0	0	174	0	0	0	0	71	0	0	0	147	0	91	0	0	0	0	0	0	0	0	0	0	0	0	0	0	0	0	0	0	200	0	0	0	0	0	0	0	0	0	0	0	185	0	0	0	0	0	0	0	3	0	138	89	0	0	0	0	0	0	0	0	0	0	0	0	0	0	0	0	0	0	0	0	0	0	0	0	0	0	0	0	198	0	0	0	0	0	0	0	4	0	0	0	0	0	0	0	0	0	180	0	0	0	0	0	0	0	0	0	0	0	0	0	163	0	0	0	0	0	0	0	0	157	0	0	0	0	0	0	0	0	0	0	0	0	0	55	0	0	0	0	0	0	0	0	0	0	0	0	0	0	0	0	0	0	0	0	0	0	105	0	0	0	0	0	0	0	0	0	0	0	0	0	0	0	0	0	0	0	0	0	0	0	0	0	0	0	0	0	0	0	0	0	0	0	0	0	0	0	0	0	0	0	0	0	0	0	0	0	0	0	0	0	0	0	0	0	97	0	0	0	0	0	0	0	0	0	0	0	0	0	0	0	0	0	0	0	0	0	0	0	0	0	0	0	0	0	0	0	0	0	0	0	0	0	0	0	0	0	0	0	83	83	0	0	0	0	0	0	0	0	0	0	78	0	0	0	0	0	0	0	0	0	0	73	0	0	0	0	0	0	0	71	0	0	0	0	0	0	0	0	0	0	68	0	0	0	0	0	0	0	0	0	0	0	0	0	0	0	0	0	0	0	0	0	0	0	0	0	0	0	0	0	62	0	0	0	0	0	0	60	0	0	0	0	0	0	0	0	0	0	0	0	0	0	0	0	0	0	0	56	56	0	0	0	0	0	0	0	0	0	0	0	0	2	0	0	0	0	0	0	0	0	0	0	0	0	0	0	0	0	0	0	0	0	0	0	0	0	0	0	0	0	0	0	0	0	0	0	0	0	0	0	0	0	0	0	0	0	0	0	0	0	0	0	0	0	0	0	0	0	0	0	0	0	0	0	0	0	0	0	0	0	0	0	0	0	0	0	0	0	0	0	0	0	0	0	0	0	0	0	0	0	0	0	0	0	0	0	0	0	0	0	0	0	0	0	0	0	0	0	0	0	0	0	0	0	0	0	0	0	0	0	0	0	0	0	0	0	0	0	0	0	0	0	0	0	0	0	0	0	0	0	0	0	0	0	0	0	0	0	0	0	0	0	0	0	0	0	0	0	0	0	0	0	0	0	0	0	0	25	0	0	0	0	0	0	0	0	0	0	0	0	0	0	0	22	0	0	0	0	0	0	0	0	0	0	0	0	0	0	0	0	0	19	0	0	0	0	0	0	0	0	17	0	0	0	0	0	0	0	0	0	0	0	0	0	0	0	0	0	0	0	0	0	0	0	0	0	0	0	0	0	0	0	0	0	0	0	0	0	0	0	0	0	0	0	0	0	0	0	0	0	0	0	0	0	0	0	0	0	0	0	0	0	0	0	0	0	0	0	0	0	0	0	0	0	0	0	0	0	0	0	0	0	0	0	0	0	0	0	5	0	0	0	0	0	0	0	0	0	0	0	0	0	0	0	0	0	0	0	0	0	0	2	0	0	0	0	0	0
46279	606	0	2296	8217	13656	0	0	692	9	634	1600	0	111	2670	861	335	2579	1630	0	0	469	199	0	600	1298	119	981	0	0	177	0	142	346	1369	105	0	1172	336	293	248	0	0	818	1411	444	0	136	43	0	0	0	1504	656	0	0	0	0	0	0	0	152	0	0	0	55	0	0	1334	0	128	0	0	67	438	421	0	0	0	364	252	0	584	635	0	83	0	241	0	212	157	0	88	0	0	28	0	50	295	474	380	605	209	255	107	157	0	0	0	0	0	96	101	72	70	189	29	153	0	0	0	0	109	0	0	0	0	83	0	56	0	713	0	0	588	244	0	0	0	0	0	0	0	166	0	134	131	0	0	0	251	0	298	0	76	0	0	215	0	410	109	68	374	0	0	0	160	497	0	226	0	0	0	182	0	0	0	0	0	0	0	0	0	0	0	176	0	0	0	0	0	0	0	90	273	0	0	0	267	0	0	0	522	0	0	0	0	0	57	502	0	38	0	0	27	0	0	481	0	53	0	0	0	0	0	0	0	186	0	395	0	0	0	0	0	0	0	0	0	0	0	0	0	143	0	165	0	0	0	0	0	0	0	0	110	342	0	0	0	0	0	0	0	94	0	0	0	29	0	0	0	0	0	0	0	0	0	0	0	0	0	0	0	0	0	0	24	0	0	0	0	0	0	0	0	0	0	0	86	0	0	0	0	0	0	0	0	0	0	0	113	0	0	261	0	0	63	0	0	0	0	0	0	0	0	14	0	0	0	0	0	0	0	0	0	0	0	0	0	0	0	0	0	0	0	0	0	216	0	0	0	0	0	0	0	0	0	0	0	0	0	0	19	18	0	22	0	0	0	0	0	0	0	0	0	0	0	176	0	0	0	0	0	0	0	0	0	0	0	0	0	0	0	0	0	158	0	0	0	0	0	0	0	0	0	0	0	0	0	0	0	0	0	0	0	0	0	0	0	0	0	0	0	0	0	0	134	0	0	0	0	0	0	0	0	0	0	0	0	0	0	0	0	0	0	0	0	0	0	0	0	0	0	115	0	0	0	113	0	0	0	0	0	0	0	0	0	0	109	0	0	0	0	0	107	0	0	0	0	0	0	0	0	103	0	0	0	0	0	0	0	0	0	0	0	96	0	0	0	0	0	0	0	0	0	0	0	0	92	0	0	0	0	0	0	0	0	0	0	0	0	0	0	0	0	87	0	0	0	0	0	0	0	0	84	0	0	0	0	0	0	0	0	0	0	0	0	0	0	0	0	0	0	75	0	0	0	0	0	0	0	0	0	0	0	0	0	0	0	0	0	0	0	0	0	0	0	0	0	0	0	0	0	0	0	0	0	0	0	0	0	0	0	0	0	0	0	0	0	0	0	0	0	0	0	0	0	0	0	0	0	0	0	0	0	0	0	0	0	0	0	0	0	0	0	34	0	0	0	0	0	0	0	0	0	0	0	0	0	0	0	0	0	55	55	0	0	0	0	0	0	0	0	0	0	0	0	0	0	0	0	0	0	0	0	0	0	0	0	0	0	0	0	0	0	0	0	0	0	0	0	0	0	0	0	0	0	0	0	0	0	0	0	0	0	0	0	0	0	0	0	0	0	0	0	0	0	0	0	0	0	0	0	0	0	0	0	0	0	0	0	42	0	0	0	0	0	0	0	0	0	0	0	0	0	0	0	0	0	0	0	0	0	0	0	0	0	0	0	0	0	0	0	0	0	0	0	0	0	35	0	0	0	0	0	0	0	0	0	0	0	0	0	0	0	0	0	0	0	0	0	0	0	0	0	0	0	0	0	0	0	0	0	0	0	0	0	0	0	0	0	0	0	0	0	0	0	0	0	0	0	0	0	0	0	0	0	0	0	0	0	0	0	0	0	0	0	0	0	0	0	0	0	0	0	0	0	0	0	0	0	0	0	21	0	0	0	0	0	0	0	0	0	0	0	0	0	0	0	0	17	0	0	0	0	0	0	0	0	0	0	0	0	0	0	0	0	0	0	0	0	0	0	0	0	0	0	0	0	0	0	0	0	0	0	0	0	0	0	0	0	0	0	0	0	0	0	0	0	0	0	0	0	0	0	0	0	0	0	0	0	0	0	0	0	0	0	0	0	0	0	0	0	0	0	0	0	0	0	0	0	0	0	0	0	0	0	0	0	0	0	0	0	0	0	0	0	0	0	0	0	0	0	0	0	0	0	0	0	0	0	0	0	0	0	0	0
46281	1304	0	5408	12771	4793	0	0	1526	14	836	566	0	246	1161	2024	1385	942	2601	0	0	306	1968	19	1904	1151	57	1073	381	26	57	0	177	349	2482	25	229	529	0	0	944	70	0	509	772	905	0	38	28	135	27	56	0	585	175	0	0	0	17	0	0	245	0	90	235	327	67	186	145	0	0	0	0	185	1023	492	0	244	86	1100	0	353	913	0	0	53	265	0	0	174	0	0	175	0	0	73	0	0	176	630	308	0	0	0	0	0	0	0	0	258	115	558	184	65	155	65	4	383	0	306	54	143	31	76	173	46	0	0	0	35	0	0	0	588	0	0	70	0	0	0	14	0	0	146	0	194	62	13	17	0	88	0	115	0	0	0	0	94	0	0	0	33	64	0	0	0	44	0	0	279	0	0	0	0	0	0	0	0	0	46	0	0	0	0	0	0	0	9	0	0	114	0	0	0	0	0	0	0	0	0	0	0	0	90	84	0	40	0	141	0	0	0	0	98	24	0	0	0	0	0	265	0	0	0	0	0	0	87	0	0	0	0	0	0	139	56	0	0	0	0	0	0	0	136	0	5	0	0	0	0	0	0	0	188	154	0	0	0	0	0	0	0	0	0	118	0	0	35	0	0	0	272	0	38	0	0	0	0	0	0	49	0	0	0	0	0	49	0	0	0	0	0	0	0	0	0	0	0	0	0	0	0	0	0	0	0	0	0	0	0	0	0	0	0	82	0	0	0	0	0	0	0	0	0	0	0	0	74	0	0	0	0	0	0	0	50	141	0	0	0	0	0	0	0	0	0	0	0	0	0	0	0	0	0	0	200	0	0	0	64	0	0	0	147	0	37	0	0	0	0	0	0	0	0	0	0	0	0	0	115	0	0	0	0	0	55	0	0	0	0	0	0	0	0	0	0	0	0	0	0	0	0	0	74	0	0	0	0	0	0	0	147	0	77	0	0	0	0	0	0	0	0	0	0	0	0	0	0	0	0	0	0	0	0	0	0	0	0	0	0	0	52	0	0	0	0	0	0	0	119	0	0	0	0	114	114	0	0	0	0	0	0	0	0	110	0	0	0	0	0	0	0	0	0	0	0	0	0	0	0	0	0	0	0	0	0	0	0	0	0	0	0	0	0	97	0	0	0	0	0	0	0	0	0	0	0	0	0	0	0	0	0	0	0	0	0	0	0	0	88	0	0	0	0	0	0	0	0	86	0	70	0	0	0	0	0	0	0	0	83	0	0	0	0	0	0	0	0	0	0	0	0	0	0	75	0	0	0	0	0	0	0	0	0	0	0	0	0	0	71	0	0	0	0	70	0	0	0	0	0	0	0	0	0	0	0	0	43	0	0	0	0	0	66	0	0	0	0	0	0	0	0	59	0	0	0	0	0	0	0	0	0	0	0	0	0	0	0	0	0	0	0	0	0	0	24	58	0	0	0	0	0	0	0	0	0	0	0	0	0	0	0	0	0	0	55	0	0	0	0	0	0	0	0	0	0	0	0	0	0	0	0	0	0	0	0	0	0	0	0	0	0	0	0	0	0	0	0	0	0	0	0	0	0	0	0	48	0	0	0	0	0	0	0	0	0	0	0	0	0	0	0	0	0	0	0	0	0	0	0	0	0	0	0	0	0	0	0	0	0	0	0	42	0	0	0	0	0	0	0	0	0	0	0	0	0	0	0	0	0	0	0	0	0	0	0	0	0	0	0	0	0	0	0	0	0	0	0	0	0	0	0	0	0	0	0	0	0	0	0	0	0	0	0	0	0	0	0	0	0	0	0	0	0	0	0	0	0	0	0	0	0	0	0	0	0	0	0	0	0	0	0	0	0	0	0	0	0	0	0	0	0	0	0	0	0	0	0	0	0	0	0	0	0	0	0	0	0	0	23	0	0	0	0	0	0	0	0	0	0	0	0	0	0	0	0	0	0	0	0	0	0	0	0	0	0	0	0	0	0	0	17	0	0	0	0	0	0	0	0	0	0	0	0	0	0	0	0	0	0	0	0	0	0	0	0	0	0	0	0	0	0	0	0	0	0	0	0	0	0	0	0	0	0	0	0	6	0	0	0	0	0	0	0	0	0	0	0	0	0	0	0	0	0	0	0	0	0	0	0	0	0	0	0	0	0	0	0	0	0	0	0	0	0	0	0	0	0	0	0	0	0	0	0	0	0	0	0	0	0	0	0	0	0	0	0	0	0	0	0	0	2	0	0	0	0	0
46282	2811	0	57	752	3666	0	0	4606	22	0	111	0	544	1230	1949	6001	682	126	0	0	0	1514	13	1026	849	107	2746	0	0	0	2190	0	73	697	19	24	305	684	0	41	0	0	81	425	87	41	0	265	0	0	0	162	36	0	0	0	0	0	0	0	0	579	2057	0	0	0	0	135	0	0	0	0	0	62	783	0	175	0	58	130	30	16	93	0	1020	0	520	0	210	0	0	25	0	0	54	0	0	0	189	0	0	0	221	0	276	0	99	0	0	0	96	0	0	66	0	21	468	0	0	594	0	0	390	166	95	0	58	0	3	0	69	0	0	0	0	0	0	0	0	4	0	28	0	0	88	0	6	26	120	0	281	33	34	0	0	0	31	287	0	0	24	0	0	0	0	0	0	0	203	0	0	49	117	0	0	0	0	26	13	0	0	0	0	82	0	0	0	0	0	74	0	0	0	0	0	0	0	0	0	0	0	0	0	0	0	0	0	94	0	0	0	88	0	0	0	0	0	0	0	0	0	0	0	0	36	0	0	190	0	0	186	0	48	0	0	0	0	0	0	0	0	0	0	0	40	0	0	0	0	0	0	0	25	0	41	0	0	0	0	0	267	0	17	0	0	41	0	0	0	0	0	0	123	0	51	0	0	0	0	19	0	0	0	0	0	29	307	0	40	0	0	0	0	0	0	33	0	0	0	0	0	0	0	0	0	0	0	0	0	0	0	0	0	0	0	56	0	0	0	0	0	0	0	0	0	0	0	0	0	0	123	0	0	0	0	0	0	0	0	0	0	0	0	0	0	0	0	0	0	0	0	0	99	0	0	0	0	0	0	0	0	0	0	0	11	0	0	0	0	0	0	0	0	0	0	0	0	0	60	0	0	0	0	0	0	0	0	0	0	0	0	0	0	0	0	0	0	0	0	0	0	0	0	0	0	0	0	0	0	0	0	0	0	0	0	142	0	0	89	0	0	0	0	0	0	0	0	0	0	0	0	0	0	0	0	0	0	0	0	0	0	0	0	0	0	0	0	0	0	65	0	0	0	0	0	0	0	0	0	0	0	0	0	0	0	0	0	0	0	0	0	0	0	0	0	0	0	0	0	0	0	104	0	0	0	0	0	0	0	0	0	0	0	0	0	59	0	0	0	0	0	0	0	0	0	0	93	0	92	0	0	0	91	0	0	0	0	0	0	0	0	0	0	0	0	0	0	0	0	0	85	0	0	0	0	0	0	0	0	0	0	0	79	0	0	0	0	0	0	0	47	0	0	0	0	0	0	0	0	0	0	0	72	0	0	0	0	0	0	0	0	0	0	0	0	0	0	0	0	0	0	0	0	0	0	0	0	0	0	0	0	0	0	0	0	0	0	0	0	0	0	0	0	0	0	0	0	0	0	0	0	0	0	0	0	0	0	0	0	0	0	0	0	0	0	0	0	0	0	0	0	0	0	0	0	0	0	0	0	0	0	0	0	0	0	0	0	0	0	0	0	0	0	0	0	0	0	0	0	0	0	0	0	0	0	0	0	0	0	0	0	0	0	0	0	0	0	0	0	0	0	0	0	0	0	0	0	0	0	0	0	0	0	0	0	0	0	0	0	0	0	0	0	0	0	0	0	0	0	0	0	0	0	0	0	0	0	0	0	0	0	0	0	0	0	0	0	0	0	0	0	0	0	0	0	0	0	0	0	0	0	0	0	0	0	0	0	0	0	0	0	0	0	0	0	0	0	0	0	30	0	0	0	0	0	0	0	0	0	0	0	0	0	0	32	0	0	0	0	0	0	0	0	0	0	0	0	0	0	0	0	0	0	0	0	0	0	0	0	0	0	0	0	0	0	0	0	0	0	0	0	0	0	0	0	0	0	0	0	0	0	0	0	0	0	0	0	0	0	0	0	0	22	0	0	0	0	0	0	0	0	0	0	0	0	0	0	0	0	0	0	0	0	0	0	0	0	0	0	0	0	0	0	0	0	0	0	0	0	0	0	0	0	0	0	0	0	0	0	0	0	15	0	0	0	0	0	0	0	0	0	0	0	0	0	0	0	0	0	0	0	0	0	0	0	4	0	0	0	0	0	0	0	0	0	0	0	0	0	0	0	9	0	0	0	0	0	0	0	0	0	0	0	0	0	0	0	0	0	0	0	0	0	0	0	0	0	0	0	0	0	0	0	0	0	0	0	0	0	0	0	0	3	0	0	0	0	0	0	0	0	0	0	0	0	0
48936	755	0	548	545	2040	0	0	659	18	1057	41	0	245	108	43	51	699	205	0	0	1038	68	0	10	174	63	71	68	844	307	0	360	217	185	31	166	180	253	815	94	661	0	15	22	125	0	375	45	843	51	436	0	98	59	142	327	411	230	311	0	42	0	0	149	186	245	49	9	489	89	0	43	272	26	98	0	0	79	24	0	33	37	22	0	0	87	0	80	45	0	0	50	0	0	3	29	0	0	0	36	0	179	0	36	0	0	0	0	20	115	0	86	37	0	0	3	0	0	0	0	49	90	0	0	83	14	0	0	0	0	0	89	0	27	120	0	0	53	49	0	0	32	75	0	0	0	0	57	0	31	2	0	11	541	0	0	0	0	0	0	0	0	69	0	0	3	22	0	0	0	64	29	0	0	0	0	0	0	0	0	0	0	0	0	25	0	78	0	19	0	0	0	0	0	146	0	49	0	0	0	109	0	0	0	48	107	105	0	0	58	0	0	59	59	102	0	0	54	0	0	0	0	0	0	0	0	0	0	0	0	0	0	0	0	20	3	0	0	0	0	0	0	0	0	16	0	0	0	0	0	0	26	0	0	0	0	0	5	28	21	0	8	13	0	0	0	0	0	15	0	0	0	0	0	0	0	12	0	0	0	0	0	0	0	0	0	0	0	0	0	0	0	0	0	0	0	0	28	0	15	0	0	0	146	0	29	0	0	28	141	0	0	0	0	0	0	0	0	0	0	0	0	0	0	0	22	6	0	149	0	0	0	77	0	0	0	0	0	0	0	0	0	0	35	0	0	0	0	0	0	0	0	0	0	0	0	0	0	0	48	0	0	7	187	0	0	0	59	0	0	0	0	0	94	0	0	0	0	0	46	0	0	0	0	0	28	0	0	0	0	0	0	0	0	0	0	0	0	0	0	0	0	0	0	0	0	0	144	22	38	0	23	0	0	0	0	0	0	0	0	0	0	0	0	0	0	0	49	0	0	0	0	0	0	22	0	0	0	0	0	0	0	0	0	0	0	0	0	0	0	117	0	0	0	0	0	0	0	0	69	0	0	0	0	0	0	0	0	0	0	0	108	0	0	107	0	0	0	0	0	0	0	0	0	0	0	0	0	0	0	0	0	0	0	0	0	95	0	0	0	0	31	0	0	0	0	0	0	0	0	0	0	0	0	0	0	0	0	0	88	88	0	0	0	0	0	0	0	0	0	0	0	0	0	0	0	0	0	0	0	0	0	0	0	0	0	0	0	0	0	0	0	0	0	75	75	0	74	0	0	0	0	0	0	0	0	0	0	0	71	0	0	0	0	0	0	0	0	0	0	0	0	0	0	0	0	0	0	0	0	0	0	0	0	0	0	0	0	0	0	0	0	0	0	0	0	0	0	0	0	0	0	0	0	0	0	0	0	0	0	59	0	0	0	0	0	0	0	0	0	0	0	0	0	0	0	0	0	0	0	0	0	0	0	0	0	0	0	0	0	0	0	0	0	0	0	0	0	0	0	0	0	0	31	0	0	0	0	0	51	0	0	0	0	0	0	0	49	0	0	0	0	0	0	0	0	0	0	0	0	0	0	0	0	0	0	0	0	0	0	0	0	0	0	0	0	0	44	44	0	0	0	0	0	15	0	0	0	0	0	0	0	42	0	0	0	0	0	0	0	0	0	0	0	0	0	0	0	0	0	0	0	0	0	0	30	0	0	0	0	0	11	36	0	0	0	0	0	0	0	0	0	0	0	34	0	0	0	0	0	0	0	0	0	0	0	0	0	0	0	0	0	0	0	0	0	0	31	0	0	0	0	0	0	0	0	0	0	0	0	0	0	0	0	0	0	0	0	0	0	0	0	26	0	0	0	0	0	0	0	0	0	0	0	0	0	0	0	0	0	0	0	0	0	0	0	0	0	0	0	0	0	0	0	0	0	0	0	0	0	19	0	0	0	0	0	0	0	0	0	0	0	0	0	0	0	0	0	0	0	0	0	0	0	0	0	0	0	0	0	0	0	0	0	0	0	0	0	0	0	0	0	0	0	0	0	0	0	0	0	0	0	0	0	0	0	0	0	0	0	0	0	0	0	0	0	0	0	0	0	0	0	0	0	0	0	0	0	0	0	0	0	0	0	0	0	0	7	0	0	0	0	0	0	0	0	0	5	0	0	0	0	0	0	0	0	0	0	0	0	0	0	0	0	0	0	0	0	0	0	0	0	0	0	0	0
48940	524	0	531	0	1712	0	0	200	49	801	61	0	177	30	189	0	601	0	0	0	948	105	35	0	4	364	25	381	507	111	0	257	180	31	10	339	772	53	529	110	710	0	115	19	100	0	460	0	241	378	821	0	85	98	0	345	193	862	174	0	150	0	0	431	467	186	199	0	347	125	0	177	281	123	16	0	56	197	18	24	107	12	0	0	0	176	58	181	54	58	62	14	0	11	26	43	61	0	0	21	0	82	3	106	19	0	0	0	217	147	0	17	98	5	0	65	0	72	36	0	0	285	0	0	26	27	66	0	19	0	11	1099	0	0	132	67	16	0	77	3	0	105	84	0	0	18	5	15	0	58	0	0	18	50	0	0	57	0	0	26	5	0	0	31	22	0	68	0	0	11	121	6	0	0	0	0	0	0	125	0	0	0	0	24	0	0	24	0	0	0	0	0	29	0	127	0	38	0	0	0	0	0	16	0	29	0	5	0	0	4	0	0	0	9	75	0	0	19	0	0	0	29	10	48	0	0	0	0	0	0	0	0	0	0	0	3	37	0	0	52	81	0	45	14	1	0	0	0	0	18	18	28	0	0	0	0	0	33	24	30	0	34	20	0	0	0	0	0	0	18	0	0	0	0	32	12	0	0	0	0	0	0	0	0	0	11	0	0	0	0	0	0	11	0	3	0	0	0	0	51	0	29	22	42	16	44	0	0	0	0	0	0	0	71	0	0	0	0	0	15	0	32	0	6	4	10	0	0	16	0	0	0	60	0	27	0	2	0	0	92	0	0	0	50	0	0	0	0	0	0	0	0	0	0	0	0	0	0	0	0	0	12	0	0	0	0	0	68	0	0	0	0	0	0	0	0	0	0	0	0	0	0	0	0	0	4	0	0	0	0	0	0	0	0	0	0	0	0	0	0	0	26	0	0	0	0	0	0	0	2	0	0	0	0	0	0	0	0	18	0	0	0	0	0	0	0	0	46	0	0	4	0	0	0	0	0	0	0	0	0	0	0	0	0	0	0	0	0	0	0	0	0	0	0	0	0	0	0	0	17	0	0	62	0	0	0	0	0	0	0	5	0	0	0	0	0	0	0	0	0	0	0	0	0	0	0	3	0	0	0	0	0	0	0	0	0	0	65	0	0	0	0	0	0	0	0	0	0	0	0	0	0	0	0	0	0	0	0	0	0	0	0	0	0	0	0	0	0	0	0	0	0	0	0	0	0	0	0	0	21	0	0	0	43	0	27	0	0	0	0	0	0	0	0	0	0	0	0	0	0	0	0	0	0	0	0	0	0	0	0	0	0	0	0	0	0	0	0	0	0	0	5	0	0	0	0	0	0	0	0	0	0	0	23	0	0	0	0	0	0	0	0	0	0	0	0	0	0	0	62	23	0	0	0	0	0	0	0	0	0	0	0	0	0	0	0	25	0	0	0	0	0	0	0	0	0	0	0	0	0	0	0	0	0	0	0	0	0	0	3	0	0	0	10	0	0	0	0	0	0	0	0	0	9	0	0	0	0	0	0	0	0	0	0	13	0	0	0	0	0	0	0	0	0	0	0	0	0	0	0	14	0	0	0	0	0	46	0	0	7	0	0	0	0	0	0	0	0	0	0	27	43	43	0	0	0	0	0	0	0	0	0	0	0	0	0	41	0	0	0	0	0	0	0	0	0	0	0	0	0	0	0	0	0	0	7	0	0	0	0	0	0	0	0	0	0	0	0	0	0	0	0	0	0	0	0	0	0	0	0	0	33	0	0	0	0	0	0	0	0	0	0	0	0	0	0	0	0	0	0	0	0	0	0	0	0	0	29	0	0	0	0	0	0	0	0	0	0	0	0	0	0	0	0	0	0	25	0	0	0	0	0	0	24	24	0	0	0	0	0	0	0	0	0	0	0	0	0	0	0	0	0	0	0	0	0	0	0	0	0	0	0	0	0	0	0	0	0	0	0	0	11	0	0	0	0	0	0	0	16	16	9	0	0	0	0	0	0	0	0	0	0	15	15	0	0	0	0	0	0	0	0	0	0	0	0	0	0	0	0	12	12	12	0	0	0	0	0	0	0	0	0	0	0	0	0	10	0	0	0	0	0	0	0	0	0	8	8	8	0	0	0	0	0	0	0	0	0	0	0	0	0	0	0	0	0	0	0	5	0	0	0	0	0	0	0	0	0	0	0	0	0	0	3	0	0	0	0	0	0	0	0	0	0	0	0
48941	0	0	58058	0	0	0	0	0	0	0	0	0	0	0	0	0	0	0	0	0	0	0	0	0	0	0	0	0	0	0	0	0	0	0	0	0	0	0	0	0	0	0	0	0	0	0	0	0	0	0	0	0	0	0	0	0	0	0	0	0	0	0	0	0	0	0	0	0	0	0	0	0	0	0	0	0	0	0	0	0	0	0	0	0	0	0	0	0	0	0	0	0	0	0	0	0	0	0	0	0	0	0	0	0	0	0	0	0	0	0	0	0	0	0	0	0	0	0	0	0	0	0	0	0	0	0	0	0	0	0	0	0	0	0	0	0	0	0	0	0	0	0	0	0	0	0	0	0	0	0	0	0	0	0	0	0	0	0	0	0	0	0	0	0	0	0	0	0	0	0	0	0	0	0	0	0	0	0	0	0	0	0	0	0	0	0	0	0	0	0	0	0	0	0	0	0	0	0	0	0	0	0	0	0	0	0	0	0	0	0	0	0	0	0	0	0	0	0	0	0	0	0	0	0	0	0	0	0	0	0	0	0	0	0	0	0	0	0	0	0	0	0	0	0	0	0	0	0	0	0	0	0	0	0	0	0	0	0	0	0	0	0	0	0	0	0	0	0	0	0	0	0	0	0	0	0	0	0	0	0	0	0	0	0	0	0	0	0	0	0	0	0	0	0	0	0	0	0	0	0	0	0	0	0	0	0	0	0	0	0	0	0	0	0	0	0	0	0	0	0	0	0	0	0	0	0	0	0	0	0	0	0	0	0	0	0	0	0	0	0	0	0	0	0	0	0	0	0	0	0	0	0	0	0	0	0	0	0	0	0	0	0	0	0	0	0	0	0	0	0	0	0	0	0	0	0	0	0	0	0	0	0	0	0	0	0	0	0	0	0	0	0	0	0	0	0	0	0	0	0	0	0	0	0	0	0	0	0	0	0	0	0	0	0	0	0	0	0	0	0	0	0	0	0	0	0	0	0	0	0	0	0	0	0	0	0	0	0	0	0	0	0	0	0	0	0	0	0	0	0	0	0	0	0	0	0	0	0	0	0	0	0	0	0	0	0	0	0	0	0	0	0	0	0	0	0	0	0	0	0	0	0	0	0	0	0	0	0	0	0	0	0	0	0	0	0	0	0	0	0	0	0	0	0	0	0	0	0	0	0	0	0	0	0	0	0	0	0	0	0	0	0	0	0	0	0	0	0	0	0	0	0	0	0	0	0	0	0	0	0	0	0	0	0	0	0	0	0	0	0	0	0	0	0	0	0	0	0	0	0	0	0	0	0	0	0	0	0	0	0	0	0	0	0	0	0	0	0	0	0	0	0	0	0	0	0	0	0	0	0	0	0	0	0	0	0	0	0	0	0	0	0	0	0	0	0	0	0	0	0	0	0	0	0	0	0	0	0	0	0	0	0	0	0	0	0	0	0	0	0	0	0	0	0	0	0	0	0	0	0	0	0	0	0	0	0	0	0	0	0	0	0	0	0	0	0	0	0	0	0	0	0	0	0	0	0	0	0	0	0	0	0	0	0	0	0	0	0	0	0	0	0	0	0	0	0	0	0	0	0	0	0	0	0	0	0	0	0	0	0	0	0	0	0	0	0	0	0	0	0	0	0	0	0	0	0	0	0	0	0	0	0	0	0	0	0	0	0	0	0	0	0	0	0	0	0	0	0	0	0	0	0	0	0	0	0	0	0	0	0	0	0	0	0	0	0	0	0	0	0	0	0	0	0	0	0	0	0	0	0	0	0	0	0	0	0	0	0	0	0	0	0	0	0	0	0	0	0	0	0	0	0	0	0	0	0	0	0	0	0	0	0	0	0	0	0	0	0	0	0	0	0	0	0	0	0	0	0	0	0	0	0	0	0	0	0	0	0	0	0	0	0	0	0	0	0	0	0	0	0	0	0	0	0	0	0	0	0	0	0	0	0	0	0	0	0	0	0	0	0	0	0	0	0	0	0	0	0	0	0	0	0	0	0	0	0	0	0	0	0	0	0	0	0	0	0	0	0	0	0	0	0	0	0	0	0	0	0	0	0	0	0	0	12	0	0	0	0	0	0	0	0	0	0	0	0	0	0	0	0	0	0	0	0	0	0	0	0	0	0	0	0	0	0	0	0	0	0	0	0	0	0	0	0	0	0	0	0	0	0	0	0	0	0	0	0	0	0	0	0	0	0	0	0	0	0	0	0	0	0	0	0	0	0	0	0
48944	30	0	8026	8	3498	0	0	2403	0	3963	1	0	12	2831	60	18	1120	5	0	0	0	0	0	40	2995	0	358	937	0	548	0	1272	14	49	12	2	55	1478	0	2541	2370	0	24	26	1075	16	2327	32	1	13	0	23	21	7	0	0	0	0	0	0	2	105	2	14	8	0	0	9	0	0	0	1959	1	7	2	0	12	15	0	1346	49	0	29	2300	0	0	0	23	24	3	1943	0	0	4	6	0	0	17	0	0	0	0	13	5	3	1662	8	0	0	0	7	0	0	14	0	0	78	0	0	0	0	0	0	3	9	0	230	2	2	1304	0	50	0	0	4	0	12	43	0	0	1050	31	0	0	77	0	0	0	47	0	19	21	0	8	0	0	0	0	0	0	181	0	0	5	0	0	0	0	0	0	0	0	0	0	0	0	0	0	10	0	0	0	0	0	0	0	4	0	0	0	0	0	0	0	2	2	15	0	0	4	0	0	2	0	0	0	0	0	0	0	2	0	0	0	0	0	0	0	0	0	0	0	0	14	121	0	0	0	0	0	0	0	0	0	0	0	0	0	0	0	0	0	19	0	2	0	0	0	0	0	0	1	0	0	0	0	0	0	0	4	5	0	0	1	0	4	0	0	0	0	0	0	0	0	45	0	1	0	0	17	0	0	0	0	0	2	0	0	0	0	0	0	0	0	0	0	0	0	0	0	0	0	0	0	0	0	0	10	0	0	0	0	0	0	0	0	0	2	0	0	0	1	0	3	0	0	0	0	0	0	0	37	0	0	0	0	7	228	0	15	0	0	0	0	0	0	0	0	0	0	0	0	0	0	0	0	0	3	0	0	0	0	0	0	30	0	0	0	0	0	0	0	0	0	0	0	0	0	0	0	0	0	4	0	0	0	0	0	0	0	0	0	0	0	0	0	0	0	0	0	0	0	0	0	0	0	0	0	0	0	0	0	0	0	0	0	0	0	0	0	0	0	0	0	0	0	0	0	0	0	0	0	0	0	0	0	0	0	0	0	0	0	0	16	0	0	0	0	0	0	0	0	0	0	0	0	0	0	0	9	0	0	0	0	0	0	0	0	0	0	0	0	0	0	0	0	0	0	0	0	0	0	0	0	0	0	0	0	0	0	0	0	0	0	0	29	0	0	1	0	0	21	0	0	0	0	0	0	0	0	0	0	0	2	0	0	0	0	0	0	0	0	0	0	0	0	0	0	0	0	0	0	0	0	0	0	0	0	0	0	0	0	0	0	0	0	0	0	0	0	0	0	0	0	0	0	0	0	0	0	0	0	0	0	0	0	0	0	0	0	0	0	0	0	0	0	0	0	0	0	0	0	0	0	0	0	0	0	0	0	0	0	0	0	0	5	0	0	0	0	0	0	0	0	0	0	0	0	0	0	0	0	0	0	0	0	0	0	0	0	0	0	0	0	0	0	0	0	0	0	0	0	0	0	0	0	0	0	0	0	0	0	0	0	0	0	0	0	0	0	0	0	0	0	0	0	0	0	0	0	0	0	0	0	0	0	0	0	0	0	0	0	0	0	0	0	0	0	5	0	0	0	0	0	0	0	0	0	0	0	4	0	0	0	0	0	0	0	0	0	0	0	0	0	0	0	0	0	0	0	0	0	0	0	0	0	0	0	0	0	0	0	0	0	0	0	0	0	0	0	0	0	0	0	0	0	0	0	0	0	0	0	0	0	0	0	0	0	0	0	0	0	0	0	0	0	0	0	0	4	0	0	0	0	0	0	0	0	0	0	0	0	0	0	0	32	0	0	0	0	0	0	0	0	0	0	0	0	0	0	6	0	0	0	0	0	0	0	0	0	0	0	0	0	0	0	0	0	0	0	0	0	0	0	0	0	0	0	0	0	0	0	0	0	0	24	0	0	0	0	0	0	0	0	0	0	0	0	0	0	0	0	0	0	0	0	0	0	0	0	0	19	0	0	0	0	0	0	0	0	0	0	17	0	0	0	0	0	0	0	0	2	0	0	0	0	0	0	0	0	0	0	0	0	0	0	0	0	0	17	0	0	0	0	0	0	0	0	0	0	0	0	0	0	0	0	0	0	0	0	0	0	0	0	0	0	0	0	0	0	0	0	0	0	0	0	0	0	0	8	0	0	0	0	0	0	0	0	7	0	0	0	0	0	0	0	0	0	0	0	0	0	0	0	0	0	0	4	0	0	0	0	0	0	3	3	0	0	0	0	0	2	0	0	0	0
48945	514	7	1482	36	6632	0	0	660	78	498	74	2	158	22	475	0	2222	10	0	0	532	357	35	8	207	678	8	2717	229	51	0	169	545	218	29	382	458	387	658	509	312	13	534	317	632	0	321	1	127	728	446	0	52	104	0	118	530	356	60	0	54	4	0	47	295	185	144	9	257	1325	0	154	195	142	0	0	198	595	36	13	316	34	28	211	0	142	163	195	137	98	41	56	0	21	93	56	107	161	0	70	0	86	15	238	111	23	0	0	11	153	5	97	93	22	0	123	21	94	72	0	9	129	0	50	81	39	40	31	9	0	13	10	0	30	97	152	89	16	115	10	0	442	29	0	7	63	4	4	0	110	0	14	99	4	0	0	41	0	25	5	33	0	26	20	0	0	30	0	0	0	16	27	0	0	9	37	33	0	278	0	6	0	0	34	22	0	12	39	19	0	0	0	18	37	113	0	19	0	0	0	26	0	29	37	52	1	0	0	0	40	76	0	0	15	67	0	0	56	0	0	32	0	64	60	0	0	0	0	0	55	0	0	0	0	0	6	0	0	0	0	4	3	4	0	11	0	2	0	0	26	0	60	11	19	0	0	0	58	0	0	0	0	1	0	0	8	0	0	0	22	0	0	0	0	29	27	0	0	0	26	0	30	0	0	0	10	0	0	0	0	0	0	8	0	18	0	14	15	0	6	0	0	13	22	0	15	0	0	0	0	0	0	0	0	10	0	0	0	0	0	0	47	0	176	5	11	0	0	22	0	0	0	0	15	14	0	0	0	0	33	0	0	0	33	0	0	0	0	0	0	0	0	0	0	0	0	0	0	0	0	0	0	0	0	1	0	0	0	0	0	0	0	25	0	0	180	0	0	0	4	0	0	44	11	0	6	0	95	0	0	0	0	0	0	0	0	0	0	0	0	0	15	0	0	0	8	0	0	5	0	0	0	10	0	0	0	0	9	7	0	0	0	0	0	0	0	0	25	0	0	12	0	0	0	0	0	0	0	0	0	0	0	0	0	0	0	4	0	0	4	0	0	0	0	0	0	0	0	0	0	0	0	0	0	0	0	0	0	0	0	10	0	0	0	0	0	0	0	0	0	0	0	0	0	0	0	8	0	0	0	0	0	0	0	0	0	0	0	17	0	0	38	0	0	0	0	0	0	0	0	0	0	0	0	0	0	0	0	0	0	0	88	0	0	0	0	0	0	0	4	0	0	0	0	0	0	0	0	0	9	0	0	0	0	16	0	0	0	0	0	0	0	0	0	0	0	0	0	0	0	0	0	0	0	0	0	0	0	0	0	0	0	0	0	0	0	0	0	0	0	0	6	0	0	0	0	24	67	0	0	0	0	0	0	21	0	0	0	0	0	0	0	0	0	0	63	0	0	0	0	1	0	0	0	0	0	0	0	0	0	0	0	0	0	0	0	0	0	0	0	0	0	0	0	0	0	0	0	0	0	0	0	0	0	0	0	0	0	0	0	0	0	0	19	0	0	0	0	0	0	0	0	0	0	0	0	0	0	0	0	0	0	0	0	0	0	0	0	8	0	0	0	0	0	0	0	0	0	0	0	0	0	21	0	0	0	0	0	0	0	0	0	0	0	0	0	0	0	0	0	0	0	0	43	0	0	0	0	0	0	0	0	0	10	0	0	0	41	0	0	0	0	0	0	0	0	0	0	0	39	0	0	0	0	0	0	38	0	0	0	0	0	0	0	0	0	0	0	0	1	35	0	0	0	0	34	0	0	0	0	0	0	0	0	0	0	32	0	0	0	0	0	0	0	0	0	0	0	0	0	0	0	0	0	0	9	0	0	29	0	0	0	0	0	0	0	0	0	0	0	0	0	0	0	0	0	0	20	0	0	0	0	0	0	0	0	0	0	0	23	0	0	0	22	0	0	0	0	0	0	0	0	0	0	0	0	0	0	0	0	0	0	19	0	0	0	0	0	0	0	0	5	0	17	0	0	0	0	0	0	0	0	16	7	0	0	0	0	0	0	0	0	0	0	0	0	0	0	0	0	14	0	0	0	0	0	0	0	0	0	0	0	0	0	12	0	0	0	0	0	0	0	0	11	4	0	0	0	0	0	0	0	0	0	0	0	0	0	0	0	8	8	8	0	0	0	0	0	0	7	0	0	0	0	0	0	0	0	0	5	5	0	0	0	0	0	0	0	0	0	0	0	0	0	0	0	3	0	0	0	0	0	2	2	0	0
48949	3408	0	1469	10	3617	0	0	376	175	162	113	0	1156	0	819	0	1237	7	0	0	260	95	3	0	52	406	33	1217	219	18	0	46	176	268	51	596	220	367	520	81	240	0	759	100	757	0	253	0	63	862	366	0	32	37	17	35	177	295	47	0	79	0	0	87	246	146	446	0	193	756	0	190	45	300	0	0	174	209	54	42	262	89	30	0	0	64	48	343	39	195	0	94	0	28	59	14	97	335	0	76	0	51	11	198	0	0	0	0	124	165	5	221	78	19	0	170	0	225	129	0	19	140	0	21	48	29	67	10	28	0	41	46	0	0	102	62	14	54	33	0	0	165	13	0	2	146	0	0	0	0	0	0	76	3	0	0	84	0	0	11	12	0	0	0	6	0	65	0	0	0	11	22	0	0	95	17	105	0	119	0	0	0	0	12	29	0	0	0	103	0	0	0	0	0	74	0	39	0	0	0	4	0	37	155	90	3	19	0	0	10	76	0	7	21	30	0	0	267	0	52	32	0	13	0	0	0	0	0	0	94	0	0	0	31	0	50	0	66	0	28	4	14	16	0	2	9	0	0	0	0	1	48	0	17	0	0	27	12	19	25	0	0	16	4	0	0	0	0	0	0	0	0	0	0	0	0	0	0	0	64	0	0	7	0	0	8	0	0	0	0	0	0	8	0	14	26	0	0	0	20	0	0	8	41	0	11	0	0	0	0	0	0	0	2	0	0	0	0	0	28	0	42	0	56	14	0	0	15	0	0	0	0	18	0	0	0	0	0	0	21	0	0	0	0	0	0	0	0	0	0	0	0	0	201	0	0	0	0	22	0	0	1	0	0	0	0	0	53	0	0	0	0	71	0	0	0	0	0	0	0	0	0	28	0	0	3	0	0	0	0	0	0	0	0	0	0	0	0	0	0	0	58	0	0	0	58	0	0	10	0	0	0	0	0	0	0	0	5	4	0	0	0	0	0	0	0	0	0	0	0	4	0	0	0	0	0	0	0	0	0	23	0	0	0	0	0	25	8	0	0	0	0	0	0	0	0	0	0	12	11	0	0	0	0	0	0	0	0	0	0	0	0	0	0	0	0	0	0	0	0	0	0	0	0	0	0	0	0	0	0	0	0	0	0	0	0	0	30	0	0	0	0	94	0	0	0	0	0	0	0	0	0	0	0	0	0	0	0	0	0	0	0	0	0	0	0	0	0	0	4	0	0	0	0	0	0	0	0	0	0	0	0	0	36	0	13	0	0	0	0	0	0	0	0	0	0	0	0	0	0	0	0	0	0	0	0	0	0	0	0	0	0	0	0	0	0	0	0	0	0	0	0	0	0	0	0	0	0	0	0	0	0	0	43	18	0	0	0	0	0	0	5	0	0	0	0	63	0	0	0	38	0	0	0	9	0	0	0	0	0	0	0	0	0	0	0	33	0	0	0	0	0	0	0	0	0	0	56	0	0	0	0	0	0	0	55	0	0	0	1	0	0	10	0	0	0	0	0	0	0	0	0	0	12	0	0	0	0	0	0	0	0	0	0	0	0	0	0	36	0	0	0	0	0	0	0	0	0	0	0	0	0	0	0	0	0	0	0	0	0	0	0	0	0	0	0	0	0	0	0	0	0	0	0	0	0	0	0	0	0	0	0	0	32	0	0	0	0	41	0	0	0	40	40	0	0	0	0	0	0	0	0	0	0	0	0	0	0	25	37	0	19	0	0	0	0	0	0	0	0	0	35	0	0	0	0	0	0	0	0	0	0	0	0	0	0	0	0	0	0	0	0	0	0	0	0	5	0	0	0	0	0	30	0	0	0	0	0	0	0	4	0	0	0	28	28	0	0	0	0	0	0	0	0	0	0	0	5	25	0	0	0	0	0	0	0	0	0	0	0	0	0	0	0	0	0	0	0	0	0	0	0	0	0	20	0	0	0	0	0	0	0	0	0	0	0	0	0	0	0	0	1	0	0	17	17	0	0	0	0	0	5	0	9	0	0	0	0	0	0	0	0	0	0	15	0	0	0	0	0	0	0	0	0	0	0	0	13	0	0	0	0	0	0	0	0	0	0	0	0	0	0	0	0	7	0	0	10	0	0	0	0	0	0	0	0	0	0	0	0	0	0	0	0	0	0	0	0	0	0	0	0	0	0	0	0	0	0	0	0	0	5	0	0	0	0	0	0	4	0	0	0	0	0	0	0	0	0	0	0	0	0	0	0	2	0
48951	530	0	72	11	247	1	0	75	31481	124	11	0	172	7	17	17	64	5	0	0	74	28	0	1	6	37	48	9	36	16	0	37	26	200	12	10	31	25	35	0	40	0	31	22	25	0	27	0	69	7	8	0	11	17	25	18	10	76	19	0	10	0	0	28	11	6	14	10	17	9	0	86	27	1	2	0	2	20	4	0	7	0	4	0	0	24	0	11	9	6	0	0	2	0	1	2	4	0	0	4	0	16	0	24	0	1	0	0	5	18	0	11	3	8	0	3	18	0	4	0	0	18	0	0	24	7	1	1	0	0	4	0	5	0	7	4	4	13	10	0	0	0	25	0	0	0	0	1	0	3	1	2	0	5	0	0	1	0	0	0	0	2	3	6	0	0	7	0	0	0	1	0	0	0	0	0	0	0	2	0	0	0	0	0	0	0	0	0	0	0	0	14	0	0	3	0	8	0	0	0	7	0	5	0	0	7	0	0	0	6	0	0	0	0	0	0	0	2	0	1	0	0	0	0	0	0	0	0	0	0	0	0	0	6	0	0	0	0	0	5	0	0	5	0	3	4	0	0	0	0	0	6	0	0	0	0	7	0	0	17	0	1	0	0	0	0	1	0	4	0	0	0	0	0	8	5	0	0	0	0	0	1	0	0	0	0	0	0	0	0	0	0	0	0	4	0	3	0	0	0	0	0	0	9	0	1	0	4	0	12	0	0	0	0	0	0	0	0	0	2	0	0	0	0	0	0	0	0	0	0	0	0	0	0	0	10	0	0	0	0	0	0	0	0	0	0	0	0	0	0	0	0	0	0	0	0	0	0	0	0	0	2	0	0	0	0	0	4	0	0	0	0	0	0	0	0	0	0	0	0	0	0	0	0	0	1	3	0	0	0	0	0	0	0	0	0	0	0	0	0	0	0	0	0	0	0	0	5	5	1	0	2	0	0	0	0	0	0	0	0	0	0	0	0	0	0	0	0	0	0	0	0	0	0	0	0	0	0	0	0	3	0	0	0	0	0	3	0	0	0	0	0	0	0	0	0	0	0	0	5	0	0	0	0	0	0	0	0	0	0	0	0	0	0	0	0	0	0	0	0	0	0	0	0	0	0	0	0	0	0	0	0	0	0	0	0	0	0	0	0	0	4	0	0	0	0	0	0	0	0	0	0	0	0	0	0	0	0	0	0	0	0	0	0	0	0	0	0	0	1	0	0	0	0	0	0	0	0	0	3	4	0	0	0	0	0	0	0	0	0	0	0	0	0	0	0	75	0	0	0	0	0	0	0	0	0	0	0	0	0	0	0	0	0	0	0	0	0	0	0	0	0	0	0	0	0	0	0	0	0	0	0	0	0	0	0	0	0	0	0	0	0	0	0	0	0	0	0	0	0	0	0	0	0	0	0	0	0	0	0	0	0	0	0	0	0	0	0	0	0	0	0	0	0	0	0	0	0	0	0	0	0	0	0	0	0	0	0	0	0	0	0	3	0	0	0	0	0	0	0	0	0	0	0	0	0	0	0	0	0	51	0	0	0	0	0	0	0	0	0	0	0	0	0	0	0	0	0	0	0	0	0	0	0	0	0	0	0	0	0	0	0	0	0	0	0	0	0	0	0	0	0	0	0	0	0	0	0	0	0	0	0	0	0	0	0	0	0	0	0	0	0	0	0	0	0	0	0	0	0	0	0	0	0	0	1	0	0	0	0	0	0	0	0	0	0	0	0	0	0	0	0	0	0	0	0	0	0	0	0	0	0	0	0	0	0	0	0	0	0	0	0	0	0	0	0	1	0	0	0	0	0	0	0	0	0	0	0	0	0	0	0	0	0	0	0	0	0	0	0	0	0	0	26	0	0	0	0	0	25	0	0	0	0	0	0	0	0	0	0	0	0	0	0	0	0	0	0	0	0	0	0	0	0	0	0	0	0	0	0	0	0	0	0	0	0	0	0	0	0	0	0	0	0	0	0	0	0	0	0	0	0	0	0	0	0	0	0	0	0	0	0	0	0	0	0	0	0	0	0	0	0	0	0	0	0	0	0	0	0	0	0	0	0	0	0	0	0	0	0	0	0	0	0	0	0	0	0	0	0	0	0	0	0	0	0	0	0	0	0	0	0	0	8	0	0	0	0	0	0	7	0	0	0	0	0	0	0	0	0	0	0	5	5	0	0	0	0	0	0	0	0	0	0	0	0	0	0	0	0	0	0	0	0	0	2
